fighter_id,fighter_name,wiki_title,intro,background_text
0232cabbc30a2372,Adrian Yanez,Adrian Yañez,"Adrian Yañez (born November 29, 1993) is an American professional mixed martial artist who currently competes in the Bantamweight division of the Ultimate Fighting Championship (UFC).","[background] Adrian Yañez was born in Houston and grew up in La Porte, Texas. His father being a Golden Gloves winner, Yañez went into boxing from a young age, but later on took up BJJ. He started training MMA at the age of 15, having his first fight at the age of 17. Before the UFC, Yañez worked for the City of Deer Park as a Meter Reader. For most of his mixed martial arts career Yañez trained under late Saul Soliz in Houston, TX. [early career] After finishing a successful 6-0 amateur career with four consecutive TKO’s, Yañez made his professional debut at just 20 years old, and ended with Yañez victorious by TKO in the third round. Suffering his first defeat against Levi Mowles in his very next bout, having no answer for the wrestling and ground and pound, he lost via unanimous decision. The Texan recovered with two victories in Fury FC, and then won his Bellator debut at Bellator 149 against Ryan Hollis via unanimous decision. Yañez then dropped a razor thin split decision to future UFC bantamweight Domingo Pilarte at LFA 7. Winning his next two bouts in the promotion, Yañez faced another current UFC fighter Miles Johns for the vacant LFA Bantamweight Champion at LFA 55. With history repeating itself, Yañez was on the wrong end of a close split decision loss. With two stoppage wins over Warren Stewart and Michael Rodriguez and then winning a split decision against Kyle Estrada at LFA 78, Yañez was invited to Dana White's Contender Series 28, where he defeated Brady Huang in 39 seconds, earning a UFC contract in the process. [personal life] Yañez has a son (born 2021)."
1897b7b913736a7c,Alatengheili,,,
e4ba58725825412d,Dan Argueta,,,
113df4fde64735c6,Davey Grant,Davey Grant,Davey Grant (born 18 December 1985) is an English mixed martial artist. He was one of the cast members for UFC TV series The Ultimate Fighter: Team Rousey vs. Team Tate and currently competes in the Bantamweight division of the Ultimate Fighting Championship (UFC).,"[background] Grant started kickboxing training when he was 14 and picked up grappling on later date where he had his first amateur fight at the age of 15. Along with training MMA, Grant also played football and rugby during his teenage years. He decided to take it seriously when he was 21 where he decided to be a professional fighter after he won a fight just to prove to his friends he had trained in MMA.

I was watching a fight with my mates and I told them I used to do it. Nobody believed me because I’m not the kind of person that gets into fights, I just like to get along with people and have a laugh. [early career] Grant fought all of his fights primarily in the England circuit and amassed of a record of 9–1 prior to being signed by the UFC. [personal life] Grant and his wife Sherrie have two sons and a daughter. He and his family previously lived in England but they now reside in Las Vegas, Nevada, he also runs a MMA gym in Bishop Auckland."
aa72b0f831d0bfe5,Deiveson Figueiredo,Deiveson Figueiredo,"Deiveson Alcântara Figueiredo (born December 18, 1987) is a Brazilian professional mixed martial artist. He currently competes in the Bantamweight division of the Ultimate Fighting Championship (UFC). He has also competed in the Flyweight division, where he is a former two-time UFC Flyweight Champion. He is considered one of the greatest Flyweights of all time, where his Flyweight record stands at 10 wins, 3 losses, and 1 draw. As of June 20, 2026, he is #11 in the Meta UFC bantamweight rankings.","[background] Figueiredo was born in Soure, Pará, Brazil, a small city on the isle of Marajó. His father was a buffalo herder who practiced luta marajoara, a local folk wrestling style. Deiveson has a younger sister and a brother – Francisco – who also is a professional mixed martial artist who was signed with the UFC. He was a cowboy, working with his father at an animal farm until he was thirteen years old. Around the age of nine, he followed his father's footsteps and began wrestling. He moved to Belém to attend high school and started training in capoeira. He started training MMA under the tutelage of UFC Bantamweight Iuri ""Marajó"" Alcântara at the age of sixteen. [early career] Figueiredo made his professional debut in February 2012 against a fellow debutante Aluisio Ferreira. He won the fight by first-round submission. In his next six fights, Figueiredo  fought in the Pará and Maranhão MMA circuits, mostly against debuting fighters, with David Silva and Joel Silva being the notable exceptions.
In late 2014, Deiveson signed with Jungle Fight, and was scheduled to make his first appearance with the organization at Jungle Fight 75 against Rayner Silva. Figueiredo won the fight by a second-round TKO.
He was then scheduled to fight Jefte Brilhante during Revelation FC 3, but the bout was later cancelled. He was scheduled to fight Henrique Souza during Revelation FC 4, but the fight was likewise later cancelled.
Figueiredo was scheduled to fight Antônio de Miranda during Jungle Fight 87, following a seventeen-month break from the sport. He defeated de Miranda by submission mid-way through the first round. He fought again four months later, during Jungle Fight 90, against the undefeated Denis Araujo Oliveira. He defeated Araujo by a second-round TKO. [submission grappling career] Figueiredo faced Raul Rosas Jr. in a submission grappling match at Hype FC Brazil: Sao Paulo on April 8, 2026. The bout ended in a draw. [personal life] Figueiredo worked as a farmer, bricklayer,  hairdresser, taxi driver and sushi chef before competing in MMA professionally.
He is a fan of Brazilian football teams Botafogo and Paysandu.
Following a stint at Team Alpha Male, Deiveson returned to his native Brazil and founded Team Figueiredo gym in Belém."
3a314d9fa7c6825d,Douglas Silva de Andrade,Douglas Silva de Andrade,"Douglas Silva de Andrade (born June 22, 1985) is a Brazilian mixed martial artist who currently competes in Bantamweight division of the Ultimate Fighting Championship (UFC).","[background] Silva de Andrade grew up in Castanhal, Brazil. He has an older sister. He became interested in martial arts in his early teens and continued to train only with his friend long into his professional career. [early career] Silva de Andrade began his professional mixed martial arts career in 2007. He competed on the regional circuit in Pará, Brazil, notably for Super Pitbull Fight, Carmen Casca-Grossa Fight, Amazon Fight and Shooto Brazil. He amassed a record of 21–0 with 1 non-contest prior joining UFC. [personal life] Silva de Andrade and his wife Meiriane have a daughter, Eva (born 2021)."
a09ed60aa67a3f67,Farid Basharat,Farid Basharat,"Farid Basharat (Pashto: فرید بشارت; born 2 August 1997) is an Afghan-born British mixed martial artist who currently competes in the Bantamweight division of the Ultimate Fighting Championship (UFC). As of July 11, 2026, he is #9 in the Meta UFC bantamweight rankings.","[background] Farid and his older brother Javid, who is a PFL fighter, arrived in England from Afghanistan with his mother as a refugee child, where they rejoined their father. The bantamweight siblings have been in a perpetual competition with one another since their early childhood days. [early career] Basharat maintained an undefeated record fighting mostly on the English regional scene, starting out with his debut unanimous decision win over Camilo Petkoff at ""FightStar Championship 14"" in April 2018. He continued with victories via submissions, decisions, and a KO in the next 7 bouts.
Basharat was invited to compete at Dana White's Contender Series Season 6, where he faced Allan Begosso. He won the bout via unanimous decision and earned a UFC contract in the process."
1effd880e1f1bb30,Garrett Armfield,,,
f6bcbd91b114ff58,Johnny Munoz,,,
c0ac37a4a1133da9,Marcus McGhee,Marcus McGhee,"Marcus Julius McGhee (born May 7, 1990) is an American professional mixed martial artist, currently competing in the Bantamweight division of the Ultimate Fighting Championship (UFC). As of July 11, 2026, he is #10 in the Meta UFC bantamweight rankings.","[early life] McGhee was born in Detroit, Michigan, and was raised by his single mother, as his father spent most of his life in prison. [early career] As an amateur, McGhee had a 3–2 record, winning his final three fights consecutively and capturing the Iron Boy MMA Featherweight Championship. He turned pro in 2020, compiling a 6–1 record in his first seven professional fights. [personal life] McGhee currently resides in Phoenix, Arizona. He is married with four kids. [amateur record] Source:"
bc711b6dd95c1af6,Mario Bautista,Mario Bautista,"Mario Alberto Bautista (born July 1, 1993) is an American professional mixed martial artist. He currently competes in the Bantamweight division of the Ultimate Fighting Championship (UFC). As of July 11, 2026, he is #4 in the Meta UFC bantamweight rankings.","[background] Bautista was born and raised in Winnemucca, Nevada. He  started wrestling at the age of 14 and competed throughout his high school years prior to his training in jiu-jitsu. Bautista moved from Nevada to Arizona and joined MMA Lab and trained under John Crouch, where he started his professional MMA career in 2012. [early career] Bautista fought in various promotions such as Tachi Palace Fights, Combate Americas, LFA and SMASH Global in regional Arizona and California circuit and amassed a record of 6–0 prior to being signed by the UFC."
cc1a8b4b38b92c6d,Montel Jackson,Montel Jackson,"Montel Samuel Jackson (born April 24, 1992) is an American professional mixed martial artist. He currently competes in the Bantamweight division of the Ultimate Fighting Championship (UFC). As of June 20, 2026, he is #15 in the Meta UFC bantamweight rankings.","[background] Jackson started training in wrestling at high school to get away from street life as most of his friends ended up in jail or dead. With good results in wrestling, Jackson set his goal to be an Olympic wrestler; however, he chose to stay back and take care of his sick grandparents and turned down the opportunity to wrestle in college. Jackson  did an invitational wrestling match, Team USA vs. Team Japan and started training in the Olympic training center in Marquette, Michigan. During this time, one of his friends, Devondrick Bankston, was preparing for a fight against Raufeon Stots, and asked him to help on wrestling drills at Red Schafer MMA gym. At the gym, he met Gato, a Puerto Rican, who managed to talk him into competing in a Brazilian jiu-jitsu tournament without any real class instruction. Eventually, Jackson gave up his Olympic dream and transitioned to mixed martial arts. [early career] Jackson started his professional MMA career in 2017 and fought primarily on the regional circuit in the Midwest United States. He amassed a record of 6–0 before being signed by UFC."
d661ce4da776fc20,Petr Yan,Petr Yan,"Petr Evgenyevich Yan (Russian: Пётр Евге́ньевич Я́н, romanized: Pyotr Yevgenyevich Yan; born 11 February 1993) is a Russian professional mixed martial artist. He currently competes in the Bantamweight division of the Ultimate Fighting Championship (UFC), where he is the current and two-time UFC Bantamweight Champion. He is also a former interim Bantamweight Champion. Yan formerly fought in Absolute Championship Berkut where he is a former ACB Bantamweight Champion. As of 16 June 2026, he is #3 in the UFC men's pound-for-pound rankings.","[early life and master of sport in boxing] Yan was born to a father of mixed Chinese (paternal) and Georgian-Russian (maternal) descent and a Russian mother. In sixth grade, Yan began training in ITF taekwondo and often fought in the streets and at the school in his area, so his family often moved to try and prevent this. Yan's older brother trained in boxing in the city of Dudinka, Krasnoyarsk Krai, and Petr wanted to learn how to box too. But his elder brother initially refused to take Petr along with him, so Petr decided to sneak and follow his brother to go to learn the sport. From then on, Petr went on to train in boxing for 8 years and achieved the rank of Master of Sport in boxing in the 64 kg weight category. Yan graduated from the Siberian Federal University in the city of Krasnoyarsk with a degree in Physical Culture and Sport. [early career] Yan debuted in MMA at the Eurasian Fighting Championship - Baikal Fight in December 2014. He won via third-round knockout over Murad Bakiev, who was also a debutant. In 2015, Yan signed a contract with the Russian promotion Absolute Championship Berkut. He was said to have gained many fans after his debut with the promotion where he fought Brazilian fighter Renato Velame, who at the time, already had 26 fights in his MMA career. However, Yan won this fight by decision. In Yan's third fight, he fought and beat Kharon Orzumiev by first-round submission in just 47 seconds. In his following fight, Yan knocked out Artur Mirzakhanyan in the first round which was held at Professional Fight Night 10: Russia Cup. [personal life] Yan is an Orthodox Christian, he and his wife have two sons. During Russia's 2022 invasion of Ukraine, Yan posted an image on social media of the countries' flags and a dove of peace.. Yan was also awarded the Order ""For Merit to the Fatherland"" (Order II) on April 22nd, 2026."
94527830000ab715,Rani Yahya,Rani Yahya,"Rani Ahmad Yahya (born September 12, 1984) is a Syrian-Brazilian mixed martial artist and BJJ practitioner. He won the 66 kg division of the ADCC Submission Wrestling World Championship in April 2007. He fought in the Bantamweight division of the Ultimate Fighting Championship.","[background] Yahya was born to a Syrian father and Brazilian mother. He trained judo, taekwondo and karate in his childhood, finding Brazilian jiu-jitsu at the age of 11."
5987b2458f4b5290,Ricky Simon,Ricky Simón,"Ricky Simón (born August 31, 1992) is an American professional mixed martial artist who currently competes in the Bantamweight division of the Ultimate Fighting Championship (UFC). A professional since 2012, he was a former Legacy Fighting Alliance Bantamweight Champion.","[background] Simón was born in Pendleton, Oregon. Coming from a tight-knit family of Mexican immigrants, his three brothers and Ricky have the same tattoo ""Simón"" inked across their upper back. Simón also grew up with his close second cousin and fellow UFC athlete Vince Morales. Simón started training in wrestling at nine years old. He graduated class of 2010 from Union High School in Camas, WA, where he also wrestled and placed seventh in the state in his sophomore year. After his post-graduation plans to be a collegiate wrestler for Clark College did not materialize, he transitioned to mixed martial arts. [early career] Simón amassed an amateur record of 3–0 before turning professional in 2014. After compiling a professional record of 12–1, fighting for Main Event Sports, King of the Cage (KOTC), Titan Fighting Championship and he was the formal Legacy Fighting Alliance Bantamweight Champion prior joining the UFC. [professional grappling career] Simón competed alongside John Simon in a tag-team Brazilian jiu-jitsu match against Willie Audifre and Mike Currier at Submission Underground 21 on March 28, 2021. They won the match 3-0 and became the inaugural Submission Underground tag-team champions. Simón and Simon returned to defend their titles against Cris Lencioni and Owen Papworth at Submission Underground 22 on April 25, 2021, although they lost the match in EBI overtime.
Simón competed against Joao Miyao at Pit Submission Series 2 on February 23, 2024. He was submitted with a heel hook and lost the match. [personal life] Simón used to be a middle school wrestling coach. He is the cousin of fellow UFC bantamweight fighter Vince Morales.
Simón has a daughter, born in November 2022."
cd3d7e37ff2d679c,Ricky Turcios,,,
d8c811df0386d5e8,Rinya Nakamura,Rinya Nakamura,"Rinya Nakamura (Japanese: 中村倫也, Nakamura Rinya; born 23 March 1995) is a Japanese mixed martial artist and former freestyle wrestler who currently competes in the bantamweight division. Competing at 61 kilograms, Nakamura became the 2017 U23 World Champion during his wrestling career, before retiring at age 25 to pursue mixed martial arts.","[background] Rinya is the son of Kozo Nakamura, who was involved in the early development of Shooto in the 90's. Having begun wrestling at the age of five, Nakamura's first notable accomplishment in the sport of freestyle wrestling was a bronze medal from the Cadet World Championships in 2011. A multiple-time Japanese National medalist at two different weight classes, his most remarkable achievement of his career came at the 2017 U23 World Championships, where he became the champion at 61 kilograms. After the delay of the 2020 Summer Olympics due to the COVID-19 pandemic, Nakamura announced his retirement from wrestling in order to pursue a career in mixed martial arts. [early career] In April 2020, Nakamura announced his serious intentions of competing in MMA. Nakamura made his professional debut against Takumi Arai in a mixed martial arts reality show Fighting Dreamers on 15 May 2021. He won the fight via first-minute knockout.
He then made his sophomore appearance against Akuri Ronda at Shooto 0725 on 25 July 2021. He won the bout via second-round knockout.
Nakamura faced Yasuyuki Nojiri at Shooto 0116 on January 16, 2022. He won the fight via first-minute technical knockout.
On April 24, 2022, he fought against Aliandro Caetano in POUNDSTORM, and although he was punched in round 1 and cut his right eyelid leading to intense bleeding, he utilised his takedown advantage and won the 3–0 decision."
0fd5f4b838e890cc,Said Nurmagomedov,Said Nurmagomedov,"Said Makhachevich Nurmagomedov (Russian: Саид Махачевич Нурмагомедов; born April 5, 1992) is a Russian professional mixed martial artist who currently competes in the Bantamweight division of the Ultimate Fighting Championship (UFC). A professional since 2009, he formerly competed for Absolute Championship Berkut and World Fighting Championship Akhmat. He is a former AFC Bantamweight Champion.","[early career] Said Nurmagomedov made his professional MMA debut in 2009 at World Ultimate Full Contact 15, facing the undefeated 4–0 Oscar Nave. He won the bout in the first round by way of an armbar. After a three-year break, he returned in 2012 at Vale Tudo 3 to fight the debuting Jolon Uulu Jayloobay. Nurmagomedov won the fight in the first round by way of an armbar. Nurmagomedov returned in 2013 to welcome another debutante, Akhmed Sarapov, at Liga Kavkaz - Battle in Khiv 1. Nurmagomedov scored the first KO win of his career, ending the fight in the dying seconds of the first round.
In 2014 Nurmagomedov signed with Absolute Championship Berkut, with his first fight being against the experienced Asulan Toktarbaev, at ACB 1 bantamweight Grand Prix. Nurmagomedov won a unanimous decision. In the next round of the bantamweight Grand Prix, at ACB 4 he faced Magomed-Emin Khazhgeriev, again winning by a unanimous decision. In the penultimate bout of the Grand Prix, at ACB 7, he fought against the undefeated German Barsegyan. He won by TKO, after the doctor stopped the fight in the first round. In the final of the Grand Prix, Nurmagomedov faced the undefeated Magomed Bibulatov, losing the final by a unanimous decision.
He would then move to World Fighting Championship Akhmat two years later, with his first fight being against the veteran Diego Marlon, winning a unanimous decision. At WFCA 22 he would face Walter Pereira Jr, winning a unanimous decision. He fought against Abdul-Rakhman Dudaev during WFA 30 for the vacant AFC Bantamweight Championship. Nurmagomedov won a unanimous decision to become the AFC bantamweight champion. During WFCA 35 he fought Anderson dos Santos. Following several jumping knees in the clinch, Said ended the fight by submission in the first round. In his final fight with World Fighting Championship Akhmat he won a unanimous decision against Luis Nogueira at WFC 42."
efb96bf3e9ada36f,Song Yadong,Song Yadong,"Song Yadong  (Chinese: 宋亚东; pinyin: Sòng Yàdōng; born December 2, 1997) is a Chinese professional mixed martial artist who currently competes in the Bantamweight division of the Ultimate Fighting Championship (UFC). As of September 5, 2026, he is #2 in the Meta UFC bantamweight rankings.","[background] Song began training mixed martial arts at the age of 13, making his professional debut before his sixteenth birthday. [personal life] Song and his wife Daisy have a son."
0e46690e55a8df75,Timmy Cuamba,,,
37098a6e6c27fb66,Vince Morales,Vince Morales,"Vince Morales (born November 12, 1990) is an American mixed martial artist who competed in the Bantamweight division of the Ultimate Fighting Championship (UFC). A professional since 2015, Morales has also competed in Bellator.","[background] Morales grew up in Ontario, Oregon and started wrestling while attending Ontario High School. Despite going winless in wrestling in his freshman year and halfway through the sophomore year, he ended up becoming a state champion in his senior year. Morales attended Boise State University for a spell but dropped out due to family issues. [early career] Morales made his MMA debut at featherweight against Joseph Cleveland on May 15, 2015, at FSF - Front Street Fights 5. He won the fight via submission with a rear-naked choke in the first round.
Following his MMA debut, Morales mainly fought within the Idaho regional MMA circuit, competing within organizations such as King of the Cage and Front Street Fights, wherein he held the organization's featherweight title. [post ufc career] Morales faced Teruto Ishihara on May 3, 2023, at XMMA 6: Bash at the Beach. He won the bout in the third round, choking out Ishihara via anaconda choke.
Morales faced Yuki Motoya on December 31, 2023 at Rizin 45, winning the bout via unanimous decision.
Morales faced reigning UFL Bantamweight champion Hunter Azure for his title at United Fight League 5 on August 30, 2024.  He would win the fight via submission in the third round after submitting Azure with a Peruvian necktie thus becoming the new UFL Bantamweight Champion. [personal life] Morales is the cousin of fellow UFC bantamweight fighter Ricky Simón."
7aa3d6964eff4877,Alex Caceres,Alex Caceres,"Alex Caceres (born June 20, 1988) is an American professional mixed martial artist who competed in the Featherweight division of the Ultimate Fighting Championship (UFC). A professional since 2008, Caceres mostly competed in his regional circuit, before signing with the UFC to appear on The Ultimate Fighter: Team GSP vs. Team Koscheck.","[background] Caceres comes from Miami, Florida, where he trains at Young Tigers Foundation. Caceres claims to be ""inventive and creative"" during the fights, often smiling during competition. Caceres also never went the distance in any of his fights prior to joining the TUF cast. Caceres' nickname, ""Bruce Leeroy"" stems from the character in the film The Last Dragon. [early career] Caceres initially fought in an underground backyard street fighting organization in Miami. Caceres mostly appeared in promotions based in Florida. Amongst these was an appearance for the King of the Cage promotion at ""King of the Cage: Hurricane"" in February 2009. His opponent in that fight was Eric Kovarik, who was coming off multiple consecutive losses. In under two minutes, Caceres submitted his opponent with a rear naked choke.
Caceres then won his next fight against Joel Garcia in May 2009 via submission (triangle choke) early in the first round before going on a two-fight losing streak. These two losses were both by armbar, taking his record to 4-2 at that time.
In his final fight before joining The Ultimate Fighter, Caceres defeated Jahmal McLennan via TKO midway through the third round to snap his losing streak. [dirty boxing career] in June 2025, Caceres debuted with Mike Perry's ""Dirty Boxing Championship"" promotion, facing Saidyokub Kakhramonov at Dirty Boxing Championship 2. He lost via unanimous decision.
Caceres faced Shawn West at Dirty Boxing Championship 3, winning via TKO in the second round, with one second left on the timer. [personal life] Growing up the son of a drug dealer, Caceres grew up in a less affluent neighborhood having a tough upbringing. When his father went to prison, he was molested by a rival drug dealer of his father's. These turmoils led his family to move to a more affluent suburb. He is Cuban and Dominican.
Caceres was influenced by the documentary Forks Over Knives. He is vegan. He has an interest in spirituality."
8fd808923cffff82,Andre Fili,Andre Fili,"Andre Riley Givens-Fili (born Andre Riley Givens; June 25, 1990) is an American professional mixed martial artist who currently competes in the Featherweight division of the Ultimate Fighting Championship (UFC).","[background] Fili is of Samoan and Native Hawaiian descent. He grew up in a broken home, where both of the parents were violent against each other and also their children. Fili's mother raised her kids alone, as her husband was serving jail time on multiple occasions and was not living in the house. The violent and unstable upbringing left its mark on Fili, and he started seeking out street brawls as a teenager. In 2009, Fili moved to Sacramento and while still under probation, he joined Team Alpha Male and began training mixed martial arts. [professional grappling career] Fili made his professional grappling debut against Shane Shapiro at UFC Fight Pass Invitational 2 on July 3, 2022. He lost the bout via split decision."
040a74bb0a465c54,Arnold Allen,Arnold Allen,"Arnold Billy Allen (born 22 January 1994) is a British professional mixed martial artist. He currently competes in the Featherweight division of the Ultimate Fighting Championship (UFC). As of 20 June 2026, he is #5 in the Meta UFC featherweight rankings.","[background] Born and raised in Suffolk, Allen began training in mixed martial arts as a teenager and took part in several amateur fights before turning professional in 2012. [early career] He made his professional debut competing as a featherweight for various regional promotions across Great Britain, including a stint in Cage Warriors.  He was able to compile a record of 9–1 in his first three years along the way.
After his TKO stoppage of Paul Cook in November 2014, Allen signed with the UFC. [personal life] Allen was issued a five-month suspended sentence after he pleaded guilty to affray, for his role in a 23 December 2016 brawl near Ipswich which left a man and five women injured.
His brother, Jake, participates in Strongman and is currently European Champion in the 90kg weight class."
305d73ede05e31ad,Austin Lingo,Austin Lingo,"Austin Lingo (born July 10, 1994) is an American mixed martial artist who competes in the Featherweight division. A professional since 2017, he is most notable for his stint in the Ultimate Fighting Championship.","[early life] Lingo began training in martial arts at a young age after his father found out he’d been involved in a street fight. Lingo started boxing, along with training Tae Kwon Do, Kickboxing, and Muay Thai. He became so enthralled in the latter that he went across the globe to train in the birthplace of Muay Thai, Thailand. [early career] In his MMA debut at LFA 16, he defeated Charles Williams via unanimous decision. Lingo submitted Josh Foster in the first round via guillotine choke at Xtreme Knockout 39, before returning to Legacy Fighting Alliance, where he would spend the rest of his career on the regional scene. He would win his next 5 bouts under the banner; Omar Benjar via TKO in round one at LFA 33, Phil Gonzalez via unanimous decision at LFA 40, Aaron Webb via knock out in the first round at LFA 55, Angel Cruz via rear naked choke in the first round at LFA 62. In his final performance for the promotion, at LFA 73, Lingo faced Solo Hatley Jr., defeating him by knock out 25 seconds into the bout. [post-ufc career] In his first fight since leaving the UFC, Lingo faced undefeated prospect Cameron Teague in the main event of Fury FC 95 on August 2, 2024. He would lose the fight via technical knockout in the second round."
9abc648e76c4493a,Bill Algeo,Bill Algeo,"Bill Algeo (born June 9, 1989) is an American former mixed martial artist who competed in the Featherweight division of the Ultimate Fighting Championship.","[background] Bill Algeo, a Delaware County native, started his martial arts career at the age of 14 after following his brother's footsteps in wrestling. Going 0–14 to start his wrestling career, four years later he went on to become All-State and captain of the wrestling team.
Starting Brazilian jiu-jitsu at 18, two years later he was running a BJJ program at Penn State University where he was going to school full time for his B.A. in accounting. While at Penn State, he was also a member of the Penn State boxing team, and was partaking in amateur MMA bouts, going undefeated as an amateur, until turning professional in 2011. [early career] Starting his professional mixed martial artist career in June 2012, he submitted David Miller via arm-triangle choke in the first round in his MMA debut. Losing his next bout against Dean Lavin via first round armbar, Algeo would go win his next 5 bouts, tapping out 4 of them and ending the other via TKO. Losing to future UFC fighter Shane Burgos in his next bout at CFFC 42 via unanimous decision, he defeated his next two foes via decision in Anthony Terrell and Jeff Lentz at CFFC 49 and CFFC 57, missing weight in his championship bout against Lentz, meaning he was unable to win the title. In his second try for the CFFC Featherweight title, he lost to Jared Gordon via unanimous decision. Debuting with Ring Of Combat at ROC 61, Algeo defeated Tim Dooling via TKO in the second round, winning the ROC Featherweight title. He would defend his title three times, defeating James Gonzalez via unanimous decision at ROC 63, knocking out Scott Heckman in the second round at ROC 65, and tapping out John de Jesus via rear-naked choke in the second round at ROC 67. After this win, he was invited to Dana White's Contender Series 17, where he lost to Brendan Loughnane via unanimous decision. Algeo would return to CFFC for CFFC 83, where rematched against Tim Dooling, once again winning against him, this time via unanimous decision. [professional grappling career] Algeo was booked to compete against Andrew Kochel at Fury Pro Grappling 7 on May 27, 2023. He lost the match by submission, a straight ankle-lock."
aa171d55d4b5208f,Billy Quarantillo,Billy Quarantillo,"William Daniel “Billy” Quarantillo (born December 8, 1988) is an American mixed martial artist who currently competes in the Lightweight division of the Ultimate Fighting Championship. He was the former King of the Cage Lightweight Champion.","[early career] Born in Ransomville, New York, and trained by way of his adopted hometown of Tampa, Quarantillo began his fighting tenure on the amateur circuit in July 2010. After the Gracie Tampa South representative posted an 8–2 mark through ten outings, he turned pro in 2013.
Quarantillo competed for various regional American organizations, in the process amassing a record of 11–2 and winning the King of the Cage Lightweight Championship and Strike Off Fighting Championships Featherweight Championship. [personal life] Quarantillo's elder brother Austin passed away in July 2025 at the age of 37. On July 26, 2026, Quarantillo and wife Brianna welcomed their third son."
751de04455cfaac0,Calvin Kattar,Calvin Kattar,"Calvin Kattar ( KAY-tər; born March 26, 1988) is an American professional mixed martial artist and owner of MMA promotion Combat Zone. He currently competes in the Featherweight division of the Ultimate Fighting Championship (UFC). A professional since 2007, Kattar formerly competed for EliteXC.","[background] The son of James and Sandra Kattar, Calvin was born and raised in Methuen, Massachusetts. He has Lebanese ancestry. His family runs a golf course. He has two brothers and a sister. After initiating in the sport in ninth grade, Kattar was a standout wrestler at Methuen High School, being ranked as high as eighth in the state (160 pounds) and placing fifth at the Division I MIAA state championships as a senior in 2006. After graduating, he was unsure whether he should wrestle in college or not, and ended up opting to pursue a career in mixed martial arts. He went on to earn an associate degree at Middlesex Community College. In an interview, Kattar expressed that he got a chance to train with Nick and Nate Diaz when he was 19 years old, and how that influenced his way of training, stating:

“I got like three bloody noses a day. I’m out there dogging it out. I’m by myself. But it was a great opportunity. Long term I was able to see these guys and how they train on the West Coast. Watching the Diaz brothers train at 1 a.m. and realizing you can lie to yourself and say guys aren’t training like that, but somewhere they are. I was exposed to that, which is great."""
e0c6edcb5b5d0b90,Chepe Mariscal,,,
29af297d9f1de0f8,Damon Jackson,Damon Jackson,"Damon Jackson (born August 8, 1988) is an American former professional mixed martial artist having previously competed in the Featherweight division of the Ultimate Fighting Championship (UFC).  A professional since 2012, Jackson competed for Bellator MMA and King of the Cage and he is the former Legacy Fighting Alliance Interim Featherweight Champion.","[background] Born in Oklahoma, Jackson began wrestling from a young age and was talented. In high school, Jackson also competed in baseball and ran cross-country and track. Jackson was a state runner-up before continuing his career at Missouri Valley College where he was an All-American and had a fifth-place finish at the national tournament in 2012. Shortly after, Jackson began pursuing mixed martial arts. [early career] Jackson held an amateur MMA record of 6–1 before making his professional debut September 2012, winning via TKO in the first round. He would go on to win his next two bouts, both via submission. [personal life] Jackson is married and has four daughters."
92a9aa9c93192871,Darren Elkins,Darren Elkins,"Darren Elkins (born May 16, 1984) is an American former mixed martial artist who competed in the Featherweight division of the Ultimate Fighting Championship (UFC).","[background] Darren Elkins was born and raised in Portage, Indiana. He attended Portage High School and competed in wrestling, placing seventh in the state as a freshman, having qualified for the state competition as a sophomore, placing third as a junior, and became a State Champion as a senior. Elkins also won multiple freestyle wrestling state championships as a youth. Elkins continued wrestling at University of Wisconsin Parkside, but did not finish his education at the university nor earn a degree as he dropped out after two years and decided to pursue a blue collar career when his wife became pregnant with their first child. [personal life] Elkins and his wife Connie have two children together.
Elkins is known for his blue collar lifestyle, throughout most of his fighting career he has also worked as a pipe fitter. In 2015, Elkins and his family decided to move out west, with Elkins believing he had already completed a decade with Local 597, which would secure retirement and insurance benefits, so they went ahead with the relocation. After spending eight months out West, he discovered that his 2006 apprenticeship year did not count toward the ten years of service. So determined to earn the benefits for his family, Elkins returned home following his win over Godofredo Pepey on July 23, 2015. After a short two-week break, he put in a long stretch of work, logging 92 days on the job out of the next 96 to reach the 900 hours required before year's end."
f166e93d04a8c274,Diego Lopes,Diego Lopes (fighter),"Diego Lopes da Silva (born 30 December 1994) is a Brazilian professional mixed martial artist who  currently competes in the Featherweight division of the Ultimate Fighting Championship (UFC). A professional since 2012, Lopes formerly competed in the Mexican MMA promotion LUX Fight League, where he was a former LUX Featherweight Champion. As of 15 July 2026, he is #2 in the Meta UFC featherweight rankings.","[background] Born and raised in Manaus, Amazonas, Brazil, Lopes began training Brazilian jiu-jitsu at a young age, as it was a tradition in his family to fight. He quickly began competing at the age of 7. At 16 he received his purple belt and soon transitioned into MMA. [early career] Lopes began his professional MMA career in September 2012 in his home country of Brazil, making an immediate impact with a victory in his debut fight. Over the course of his next seven bouts, Lopes built a solid record of five wins and two losses, showcasing his potential as a rising talent in the sport.
At just 19, Lopes' career took a pivotal turn when his jiu-jitsu instructor offered him an opportunity to teach in Mexico. Seizing the chance to further his training and career, Lopes relocated to Mexico and began teaching Brazilian jiu-jitsu while refining his own skills. This move proved to be a crucial development, not only in his fighting career but also in his life, as it allowed him to continue evolving as both a fighter and a coach.
After establishing himself in Mexico, Lopes resumed his fighting career, determined to rise through the ranks and solidify his place in the competitive world of mixed martial arts. [personal life] Lopes launched a non-profit jiu-jitsu academy for underprivileged children called ""Brazilian Warriors"" in Puebla, Mexico. 

When I first started training, I had nothing. Now that I have support, sponsors and people behind me. I want to give back the things I did not have when I first started..... This program offers support to kids.
As of 2025, he is brand ambassador as part of a multi-year branding deal between the UFC and Spribe."
e93b04e308913c2e,Dooho Choi,Choi Doo-ho,"Choi Doo-ho (Korean: 최두호; born April 10, 1991), often anglicized as Doo Ho Choi or Dooho Choi, also known as The Korean Superboy, is a South Korean professional mixed martial artist who currently competes in the Featherweight division of the Ultimate Fighting Championship (UFC).",[background] Choi graduated from Gumi University with a degree in Security. [personal life] Choi married his wife in 2017 and divorced in 2021.
41cc71cbf210e0fe,Hyder Amil,Hyder Amil,"Hyder Osman Amil (born May 28, 1990) is a Filipino and American mixed martial artist. He currently competes in the Featherweight division of the Ultimate Fighting Championship (UFC).","[background] Amil was born in Cebu City, Philippines to a Turkish-Indian father and a Filipino mother. As a kid, Amil, his mother and sister, were physically abused by his father. He learned martial arts, which gave him confidence and helped protect his family. At the age of six, he and his family moved to United States to escape the abuse of his father. [early career] Starting his career in 2017, Amil fought exclusively for Bellator MMA and Legacy Fighting Alliance, where he acquired a 7–0 record before his fight at Dana White's Contender Series."
ac026518a9b4dc0f,Jordan Leavitt,Jordan Leavitt,"Jordan Leavitt (; born June 2, 1995) is an American mixed martial artist who competes in the Lightweight division of the Ultimate Fighting Championship.","[background] Leavitt's MMA journey began in high school as part of the wrestling team. Initially quitting during his first year, he stumbled across The Ultimate Fighter on TV and immediately fell in love with the sport, re-joining the wrestling team and competing for the next three years.
As of August 2018, Leavitt majors in political science at the University of Nevada, Las Vegas, and has dreams of law school and a career in family law. He postponed these dreams in favor of his fighting career, but with hopes to pursue law school once again after that. [early career] Making his MMA debut at Gladiator Challenge Fight Club, Leavitt would win his first bout after submitting Tony Martinez via Peruvian Necktie in the second round. Leavitt would go on to defeat Lucas Neufeld at Tuff N' Nuff Fight Night via unanimous decision, Roy Ostrander  at Final Fighting Championship 36 via arm-triangle choke, John Walker via heel hook in round one at Gladiator Challenge Holiday Beatings, and finally Isaiah William via unanimous decision at BCM Promotions Fight Night 8 to pick up his second decision win as a professional.
In his debut promotional appearance with Legacy Fighting Alliance at LFA 85, he submitted Levion Lewis via anaconda choke in the second round.
Leavitt was invited to Dana White's Contender Series 27 on August 4, 2020. He won the fight via arm-triangle choke in the first round and was subsequently awarded a UFC contract. [professional grappling career] Leavitt competed against Ethan Crelinsten at Pit Submission Series 5 on May 30, 2024. He lost the match by decision. [personal life] Leavitt and his wife got married in 2019. Their daughter was born on November 16, 2023."
7facc9c45d792985,Kaan Ofli,,,
20bccc9bb4ceb23e,Melquizael Costa,Melquizael Costa,"Melquizael Costa da Conceição (Portuguese pronunciation: [/mew.ki.za.ˈɛw ˈkɔs.tɐ dɐ kõ.sej.ˈsɐ̃w/]; born September 14, 1996), sometimes known as Melk Costa, is a Brazilian professional mixed martial artist. A professional since 2014, he currently competes in the Featherweight division of the Ultimate Fighting Championship (UFC). Costa formerly competed in the Legacy Fighting Alliance (LFA), Predator FC, SFT Combat, Titans FC, Future MMA, and SFC. As of June 20, 2026, he is #11 in the Meta UFC featherweight rankings.","[background] Melquizael Costa da Conceição was born and raised in Porto de Moz, in the interior of Pará. At the age of four, he developed vitiligo, an autoimmune condition that causes the loss of skin pigmentation. During his childhood, Costa was the target of bullying and social isolation; many people in his town confused the condition with leprosy, which often led parents to keep their children away from him. The prejudice led him to hide his body under long-sleeved clothing and avoid social interactions.
At age 13, looking for a way to defend himself, Costa began training in boxing and, later, Brazilian jiu-jitsu. The gym environment became a refuge where he was welcomed by his training partners, which helped him accept his body. Initially, he faced financial hardships, even selling popsicles on the streets to balance his studies and pay for his training. The decision to focus on a professional MMA career was solidified after he saw former fighter Scott Jorgensen, who also has vitiligo, in a UFC video game, proving to Costa that reaching the promotion was possible. His biggest sports supporter was his older brother, Natanael, whose death in a workplace accident in 2013 pushed Costa to make his professional debut at age 17 to honor his memory. [early career] Costa made his professional MMA debut at 17 years old. In 2016, he moved to the city of Belém looking for better opportunities in the regional circuit. During this period, his hardships led him to be discovered by coach João Emilio, resulting in his relocation to Bauru, São Paulo, and his affiliation with the Chute Boxe Bauru team.
On August 18, 2018, Costa fought for the Demolidor Fight 13 lightweight championship against Rafael Barbosa. During the third round, Costa was caught in an arm-triangle choke and lost consciousness. The referee, Emerson Saez, failed to notice that Costa was out and let the fight continue for almost two minutes, while Costa even suffered seizures in the cage. His opponent realized the situation and loosened the grip on his own, which Costa later stated saved his life. He was hospitalized after regaining consciousness in the cage but was released the next day without severe injuries.
He compiled a record of 19 wins and 5 losses in the regional circuit fighting in the bantamweight, featherweight, and lightweight divisions. During this run, Costa won the Predator FC Featherweight Championship in Mexico. He also competed in the Legacy Fighting Alliance (LFA), where he secured h"
a52bc1e62cf0b7c6,Melsik Baghdasaryan,Melsik Baghdasaryan,"Melsik Baghdasaryan (born January 28, 1992) is an Armenian mixed martial artist, kickboxer and boxer, currently competing as a featherweight in the UFC. A professional competitor since 2013, he is the former Wu Lin Feng International champion, and one-time K-1 Welterweight title challenger.","[early career] Baghdasaryan began training karate at six years old, before transitioning to kickboxing, and later, muay thai. He has spent most of his professional career at the Glendale Fighting Club.
Baghdasaryan was scheduled to fight Jermaine Soto at a GLORY event on September 28, 2013. He won the fight by unanimous decision.
Baghdasaryan fought during the WCK vs. Wulinfeng event in 2013, with his opponent being Xie Chuang. Baghdasaryan won the fight by a unanimous decision, while suffering a slight injury to his left thumb.
Baghdasaryan was scheduled to fight John Vargas at WCK Muay Thai: Matter of Pride, on February 15, 2014. He won the fight by a third-round TKO.
In 2014, he fought again under WCK Muay Thai, facing Chen Wei Chao. Melsik won the fight by a unanimous decision.
His kickboxing winning streak earned him a chance to fight for the Wu Lin Feng International title, held at the time by Qiu Jianliang. Baghdasaryan continued his winning streak with a majority decision win over the reigning champion. [boxing career] After winning the WLF title, Melsik transitioned to boxing in 2015. He has had three professional fights to date. In his boxing debut he faced Mario Angeles. Angelas was unable to figure out how to fight against a southpaw and lost the fight in the third round, after a right to the body which forced the referee to stop the fight.
In his second boxing match, Melsik fought Abraham Calderon Ruiz, winning the fight through a unanimous decision. He then fought Diego Padilla, and won the match by a majority decision. [early career] After he suffered a submission loss in his MMA debut in 2014, Melsik waited until 2019 for his second MMA bout. Baghdasaryan amassed a four fight knockout winning streak, with a cumulative fight time of 62 seconds. In the last of those four fights, against Art Hernandez, he made his lightweight debut.
Baghdasaryan was given a chance to fight for a UFC contract at Dana White's Contender Series 31, when he faced Dennis Buzukja. He won the fight by a unanimous decision, but was not given a contract."
583ee11abddfc581,Nate Landwehr,Nate Landwehr,"Nathan Wade Landwehr (born June 7, 1988) is an American mixed martial artist who competes in the Featherweight division of the Ultimate Fighting Championship. A professional mixed martial artist since 2012, he is also a former M-1 Global Featherweight Champion.","[background] Landwehr was born and grew up in Tennessee and attended Rossview High School. He played football from the third grade until the end of high school. He also wrestled and ran track throughout high school. After high school, Landwehr attended Highland Community College for two academic years, where he ran track with scholarship. [early career] Landwehr racked up a record of 8–2 on the stateside circuit before signing with M-1 Global."
329e403448756217,Nathaniel Wood,Nathaniel Wood (fighter),"Nathaniel Wood (born 5 August 1993) is an English professional mixed martial artist who competes in the Featherweight division of the Ultimate Fighting Championship (UFC). A professional competitor since 2012, he formerly competed for Cage Warriors, where he was the Bantamweight Champion.","[background] Growing up playing football, Wood followed his father to a Brazilian jiu-jitsu practice at the age of 16. He attended college for carpentry for a spell, but dropped out in order to pursue a career in mixed martial arts. [early career] Wood amassed a record of 8–3 record, before signing with Cage Warriors. [professional grappling career] Wood was booked to compete in a superfight against Aljamain Sterling at Polaris 25 on 30 September 2023. However, Wood withdrew from the match and was replaced by Mike Grundy instead.
Wood was scheduled to compete against Mason Jones in a superfight at Polaris 27 on 23 March 2024. However, Wood ended up facing Alex Caceres and won via decision.
Wood competed against Cameron Else at Polaris 30 on 2 November 2024. He won the match by decision. [personal life] Wood has a wife and two daughters. He has Obsessive–compulsive disorder (OCD)."
b8bbdeff718dbb7d,Pat Sabatini,Pat Sabatini,"Patrick Daniel Sabatini (born November 9, 1990) is an American mixed martial artist who currently competes in the Featherweight division of the Ultimate Fighting Championship. As of June 20, 2026, he is #7 in the Meta UFC featherweight rankings.","[background] Born and raised in Bristol, Pennsylvania, Sabatini initially played ice hockey at his father's behest. After a school bully stuck Pat’s head in a urinal, he started training Tang Soo Do which led to Brazilian Jiu-Jitsu a couple of years later. Afterwards he picked up Wrestling, and Sambo. He has a younger sister. He has a Bachelor of Arts degree from Rider University. [early career] In his MMA debut for Cage Fury Fighting Championships at CFFC 35, he submitted Jacob Bohn via rear naked choke in the first round, before beating his next opponent Shelby Graham in the same manner. After suffering his first loss via unanimous decision to Robert Watley at CFFC 45, he rebounded at CFFC 52, where he submitted Tony Gravely in the first round via rear naked choke. Sabatini would go on to win his next three bouts outside if CFFC, before he returned to appear in the main event of CFFC 67, where he tapped out John de Jesus in the first round via heel hook, winning the CFFC Featherweight Championship. Sabatini defended the title submitting Francisco Isata via rear naked choke in round two at CFFC 69. Sabatini faced Jose Mariscal at Victory FC 60, losing the bout via split decision. Rebounding at CES MMA 52, he defeating Borah Karmo via first round rear-naked choke.
At CFFC 71, Sabatini faced Da’Mon Blackshear and defeated him via unanimous decision, winning back the CFFC Featherweight Championship. Defending his title at CFFC 74, he faced Fabricio Oliveira and tapped him out via rear naked choke in round two.
Sabatini would lose the CFFC Featherweight Championship to James Gonzalez at CFFC 81 after he broke his arm in a gruesome manner after refusing to tap. Returned at CFFC 84 against Jordan Titoni, winning the bout after knocking out Titoni in the first round. He would then win back the Featherweight title, submitting Jesse Stirn via armbar in the second round at CFFC 91. [professional grappling career] Sabatini competed against Niko Price at Fury Pro Grappling 8 on December 30, 2023. He won the match by submission with a Suloev Stretch.
Sabatini competed against Andre Kochel at Fury Pro Grappling 10 on May 24, 2024. He won the match by golden score in overtime.
Sabatini competed against Herbert Burns at Fury Pro Grappling 11 on November 2, 2024. He won the match by golden score in overtime.
Sabatini faced Peter Fazekas at Fury Pro Grappling 12 on December 28, 2024.  He won the match by submission with an ankle-lock."
a68575214ecad140,SeungWoo Choi,Seung Woo Choi,"Choi Seung-woo (Korean: 최승우; born November 3, 1992), often anglicized Seung Woo Choi, is a South Korean mixed martial artist who competed in the featherweight division of the Ultimate Fighting Championship (UFC). Choi was the former Top Fighting Championship Featherweight Champion (two times) and a 2010 Bronze medalist at the IFMA World Muaythai Championships.","[background] Choi began practicing martial arts at the age of eight, eventually representing South Korea in the Muay Thai World Championships. He graduated from Yong In University with a bachelor's degree. [early career] Choi started his professional MMA career in 2015 and fought under various promoters primarily in Asia. He was the former featherweight Top Fighting Championship champion (x2) and  he was signed by the UFC after he won the Top FC featherweight championship for a second time with an amassed record of 7–1. [personal life] Choi lost his mother in early 2025."
d31cbcdd7d69536d,TJ Brown,T.J. Brown,"T. J. Brown (born May 22, 1990) is an American mixed martial artist who formerly competed in the Featherweight division in the Ultimate Fighting Championship (UFC).","[early career] Brown made his MMA debut in 2013 at Cage Combat Championships 5, where he lost the bout after he didn't answer the bell at the start of round 2. Brown then compiled a 13–6 record across various regional MMA promotions, most notably losing to Bobby Moffett via split decision at RFA 44: Moisés vs. Freeman and Cody Carrillo via KO in the first round at C3 Fights: Border Wars. [personal life] Brown is a single father to a son."
e1d40e8782d80bc2,William Gomis,,,
52c2ae6d2f2d2613,Youssef Zalal,Youssef Zalal,"Youssef Zalal; born September 4, 1996) is a Moroccan professional mixed martial artist who currently competes in the Featherweight division of the Ultimate Fighting Championship (UFC). As of August 8, 2026, he is #9 in the Meta UFC featherweight rankings.","[early life] Zalal grew up fighting other kids on the streets of Morocco. To help control his anger, his mother enrolled him in kickboxing at the age of 10. He moved to the United States at age 15. [early career] In the beginning of his mixed martial arts career, Zalal fought primarily on the regional circuit in Colorado compiling a 7-2 record, with most of his fights happening for Legacy Fighting Alliance. [post ufc career] Following his release from the UFC, Youssef Zalal made a strong comeback in the MMA circuit. He showcased his skills at Sparta 93 on November 18, 2022, where he triumphed over Edwin Chavez via TKO within the first round. Zalal continued his winning streak on January 20, 2023, at SCL: Fight Night 14 - King of Sparta Welterweight, defeating Jake Childers also by TKO in the first round. His remarkable run persisted as he secured another victory on August 19, 2023, at Sparta Combat League 98, submitting Vadim Zadnipryanyi with an arm-triangle choke in the first round."
253076a23d03dcd0,Allan Nascimento,Allan Nascimento,"Allan Alves do Nascimento (September 11, 1991 – August 3, 2026) was a Brazilian mixed martial artist. A member of the Chute Boxe Academy, he competed in the Flyweight division of the Ultimate Fighting Championship (UFC) from 2021 until his death in 2026.","[background] Nascimento was born in São Paulo, Brazil. He started training in Muay Thai at age of 15, thanks to a suggestion by a schoolmate. Despite his family not wanting him to be a professional fighter, he had a frank talk with them, and they supported his career. [early career] Nascimento started his professional career in 2011 and amassed a record of 17–4 in the Brazilian regional scene, including overseas bouts in the United States and Japan, before appearing on Dana White's Contender Series. [personal life and death] Nascimento had a wife and two children. He earned the nickname ""Puro Osso"", Portuguese for ""All Bones"", due to his lean physique as a teenager. He lived in São Paulo throughout his life.
On August 3, 2026, Nascimento was found unresponsive in his home after suffering an apparent heart attack in his sleep. At the age of 34, he was pronounced dead at the scene by the responding medical team."
6d35bf94f7d30241,Amir Albazi,Amir Albazi,"Amir Yahya Abdulamir Al-Bazi (Arabic: أمير يحيى عبد الأمير البازي; born October 27, 1993), known as Amir Albazi, is an Iraqi professional mixed martial artist who currently competes in the Flyweight division of the Ultimate Fighting Championship (UFC). As of July 25, 2026, he is #9 in the Meta UFC flyweight rankings.","[early life and education] Amir was born in Baghdad. When he was seven years old, he fled Baghdad in the middle of the night alongside his family, then moving to Syria, where Amir saw his father for the first time since he was a toddler. The family stayed in Syria for a year and a half, before moving to Sweden.
Amir's family settled in Bredäng, a district in Stockholm in which immigrants and refugees made up 60% of the population. Amir got into a lot of fights and trouble as a kid, resulting in his joining a street gang as a teenager. His interest in mixed martial arts happened overnight as he watched an old UFC fight on the television. Having been impressed by this new type of professional fighting, Amir looked up the cheapest MMA gym and signed up the next day. Albazi moved to London in 2013, and graduated from University of Roehampton with a degree in sports science. [early career] Amir's first fight came in the World Ultimate Full Contact 15, he submitted Pavlo Kulish in 59 seconds, and subsequently went on an 8 bout win streak to start his MMA career before moving to Bellator, where he extended that streak to 10 bouts after defeating Jamie Powell and Iurie Bejenari. Amir's first loss came in the Middle Eastern promotion series Brave CF to Jose ""Shorty"" Torres. Amir rebounded from his loss by defeating Ryan Curtis in Brave CF 29. [personal life] In an interview with BBC dated  16 December 2022, Albazi stated that he wants to become the first Arab UFC champion and plans to eventually return to Iraq and develop MMA there. 
Albazi is trilingual and has stated that he can speak Arabic, Swedish and English. He has described himself as a ""history geek"" who enjoys studying conspiracy theories, with a special interest in pyramidology.
In 2023, Albazi underwent heart surgery for supraventricular tachycardia, and in 2024, he had to undergo another surgery for his injured spine."
798e48f9e7f6ba22,Carlos Hernandez,,,
814e5233e2acf2ee,Charles Johnson,Charles Johnson (fighter),"Charles Anthony Johnson (born January 10, 1991) is an American mixed martial artist and former professional boxer who currently competes in the Flyweight division of the Ultimate Fighting Championship (UFC). He is a former Legacy Fighting Alliance (LFA) flyweight champion. As of August 18, 2026, he is #14 in the Meta UFC flyweight rankings.","[background] Johnson was born in Topeka, Kansas, and moved to St. Louis, Missouri, at the age of four. During high school, he was selected to represent his state in wrestling, cross country, long distance running, and sprinting, and was competing in the state championships in American football. [early career] Starting his professional career in 2016, Johnson fought under various promotions, most notably Legacy Fighting Alliance.
On July 2, 2021, Johnson faced Yuma Horiuchi in the LFA flyweight interim championship match at LFA 110, winning the title by split decision in 5 rounds.
On August 27, 2021, Johnson faced challenger Juan Camilo in the LFA flyweight title match at LFA 114, winning by TKO in the second round with punches. He successfully defended the interim title for the first time, and after the match, regular champion Victor Altamirano moved to UFC, and Johnson was recognized as the regular champion.
On January 21, 2021, Johnson faced challenger Carlos Mota in the LFA flyweight title match at LFA 122, fighting a fierce battle and winning by TKO with a right straight in the fifth round. He successfully defended the title for the first time."
7f6ed67d3ed3c036,Cody Durden,Cody Durden,"Cody Marcus Brian Durden (born March 29, 1991) is an American mixed martial artist who competes in the Flyweight division of the Ultimate Fighting Championship.","[background] Playing multiple sports since early childhood, Durden was an aspiring baseball player but around the eighth grade he switched completely to wrestling due to stopped growth. A 2009 graduate of Eastside High School, he wrestled under coach Michael Smith-Foot, leading the Eagles to two state championships. He compiled a remarkable 121–31 record, winning four area championships, two sectional titles and advanced to the state final as a senior.
After the arrival of his son, he started working instead of attending school. After the invitation of his long-time friend and mixed martial artist Travis Knight to train at a gym, he started training regularly around the age of 21 and made his amateur debut in 2014. [early career] Durden's first bout in 2014 brought him a loss against Francisco Quijada in the amateur National Fighting Championship promotion. Following that loss, Durden went on a five-fight win streak with the NFC, prompting the fighter to move up to a more professional level.
Durden won his first four professional fights, then suffered back-to-back defeats to Jared Scoggins and Ryan Hollis. He would go on to win the next 7 bouts, all via stoppage, winning the VF Bantamweight Championship in the process. [personal life] Durden has a son (born 2011) from a previous relationship and is a stepfather for his current wife's daughter."
2fe9032955c2e013,Joseph Morales,Joseph Morales (fighter),"Joseph Morales (born August 22, 1994) is an American mixed martial artist who currently competes in the Flyweight division of the Ultimate Fighting Championship (UFC).","[early career] In his MMA debut at WSOF 16, Joseph defeated Christian Espinosa via unanimous decision. Then he defeated Roque Reyes via TKO in the first round. At WFC 14, Joseph submitted Benji Gomez in the second round via rear naked choke. He also tapped out Gerald Bailey in round one via guillotine choke at GKO 4. Joseph submitted his next two opponents in Sammy Saunders and Gerald Bailey respectively. At GKO 8, he defeated Josh Paiva via unanimous decision, earning him the GKO Flyweight Championship. At CFFC 64 Joseph defeated Sean Santella via TKO in the second round and earned his ticket to the UFC in the process. [post-ufc career] Morales made his return to mixed martial arts, after a three year absence from the sport, to face Kevin Wirth at Cage Warriors 126 on August 1, 2021. Morales won the fight by unanimous decision.
Morales faced Sidemar Honorio on March 4, 2022, at Cage Warriors 133. He won the bout via split decision.
Morales won the A1C Flyweight Championship on February 3, 2023, submitting Anthony Do in the third round via triangle choke. [professional grappling career] Morales was booked to compete in the Combat Jiu-Jitsu bantamweight world championship on July 30, 2023."
34b96d52db1d26e6,Kevin Borjas,,,
98aa60cf58071fd6,Kyoji Horiguchi,Kyoji Horiguchi,"Kyoji Horiguchi (Japanese: 堀口 恭司, Horiguchi Kyōji; born October 12, 1990) is a Japanese mixed martial artist currently competing in the flyweight division of the Ultimate Fighting Championship. He formerly competed in the Flyweight and Bantamweight divisions of Rizin FF, where he was the inaugural Flyweight Champion and the inaugural and two-time Bantamweight Champion. He also competed in the Bantamweight division of Bellator MMA, where he was the Bantamweight World Champion. As of July 25, 2026, he is #8 in the Meta UFC flyweight rankings.
A professional since 2010, Horiguchi competed from 2013 to 2016 in his first stint with the Ultimate Fighting Championship where he was a UFC Flyweight Championship challenger. He also competed in Shooto, where he was the Bantamweight Champion. He gradu","[background] Horiguchi began training in karate at the age of five and was talented, as he soon began competing in full-contact competitions and went on to become a regional champion. At the age of 16, Horiguchi viewed a PRIDE Fighting Championships event and became drawn to mixed martial arts. Horiguchi began training in the sport at Norifumi Yamamoto's Krazy Bee Gym after graduating high school when he was 18 years old. Horiguchi said seeing Yamamoto knockout bigger men was what drew him to the fighter."
dee294e9717012c2,Malcolm Gordon,Malcolm Gordon (fighter),"Malcolm Gordon (born May 19, 1990) is a Canadian former mixed martial artist who competed in the Flyweight division of the Ultimate Fighting Championship. He is the former TKO, WXC and HFC Flyweight Champion, and PMMA Bantamweight Champion.","[background] Gordon started in martial arts with Brazilian jiu-jitsu and kickboxing in Calgary, Alberta. At 19, he began spending time training in Las Vegas under the late Shawn Tompkins, a Canadian coach who had also worked with Sam Stout, Mark Hominick and Chris Horodecki. [early career] After starting his professional career by winning his first four bouts, all by finish, Gordon made his Bellator debut at Bellator 119, where he defeated Chris Kelades via unanimous decision. After going 5–0 to start his career, Gordon lost his next two bouts via KO/TKO. Gordon would bounce back at the end of 2015 with a unanimous decision victory at WXC 59 over Shawn Mack. Gordon made his professional debut for TKO MMA against Dimitri Waardenburg in November 2016, winning his next two bouts via first-round stoppages. Losing the bout in the first round, Gordon returned to WXC, where he defended his flyweight title against Michael Jordan at WXC 69, winning the bout via first-round knockout in only 17 seconds.
After a 21-month break, Gordon returned to challenge for the vacant TKO Flyweight title against Jordan Graham at TKO 42. Winning the bout and the title via first-round kimura, Gordon returned to the cage five months later to defend his title against James Mancini at TKO Fight Night 1. Gordon defended his crown via round two armbar, and in his last bout on the regionals before signing with the UFC, Gordon faced The Ultimate Fighter: Tournament of Champions fighter Yoni Sherbatov at TKO 47, where he defeated him by way of rear-naked choke."
5d1b7e3dd9e11074,Manel Kape,Manel Kape,"Manuel Pedro Gomes (born November 14, 1993),  known as Manel Kape, is an Angolan-Portuguese professional mixed martial artist. He currently competes in the Flyweight division of the Ultimate Fighting Championship (UFC). A professional since 2012, he has formerly competed for Cage Fighters, Knock Out Championship, and Rizin Fighting Federation. He is the former Rizin Bantamweight Champion and the former Knock Out Championship Bantamweight champion. As of December 16, 2025, he is #2 in the Meta UFC flyweight rankings.","[early career] Kape had several boxing matches prior to beginning his mixed martial arts career, all of which occurred before his first MMA fight at the age of 14.
He made his professional debut at 17, fighting with Cage Fighters, at Cage Fighters 2, when he faced Artur Gomes. Kape won the bout in the first round by way of TKO. Fighting at Cage Fighters - Challengers Norte 1 he was scheduled to face Renato Ferreira. He made quick work of his opponent, ending the fight by TKO, after just 45 seconds. Next he fought Ricardo Teixeira, earning his first submission win, ending the fight in the first round with a rear naked choke. His last fight with Cage Fighters was at Cage Fighters 3, when he fought Marco Santos. He won the fight with a unanimous decision.
Moving to Knock Out Championship he fought Souksavanh Khampasath. He would suffer his first professional loss, losing through a rear naked choke. Recouping, he fought Hicham Rachid at Invictus 1, and won the fight with a flying knee to the body. He next fought at Ansgar Fighting League 2, against Daniel Barez. He beat Barez through a verbal tapout, forced by a tight armbar cinched by Kape. Returning to the second Invictus event, Kape faced Miguel Valverde. He won the fight with a rear naked choke in the first round. He was then scheduled to fight Antoine Gallinaro. Kape won the fight in the fourth round through an armbar, which earned him the KOC Bantamweight title. Kape continued his winning streak by beating Francisco Javier Asprilla by way of a third-round TKO.
Kape was scheduled to fight Damien ‘The Rage’ Rooney at BAMMA 22 in the 3Arena in Dublin. Kape would later pull out of the bout. Kape was then set to fight against the Brazilian João Elias, but the fight would likewise be cancelled. Manel Kape was scheduled to fight at Knock Out Championship 9 against Moktar Benkaci for the KOC bantamweight championship. This would be the third consecutive fight that fizzled out for Manel Kape."
32ab52e5de93092d,Steve Erceg,Steve Erceg,"Stephen Vincenzo Erceg (born July 27, 1995) is an Australian professional mixed martial artist. He currently competes in the Flyweight division of the Ultimate Fighting Championship (UFC). As of June 20, 2026, he is #13 in the Meta UFC flyweight rankings.","[early life] Erceg was born in Perth, Western Australia into a family of Croatian and Italian descent. He attended Corpus Christi College throughout his upbringing and has stated he was a ""big WWE fan"" in his younger years. His interest in professional wrestling led to discovering mixed martial arts when he watched Brock Lesnar compete against Frank Mir at UFC 81 and subsequently decided to begin MMA training at his local gym. Along with mixed martial arts, Erceg has competed in muay thai and Brazilian jiu jitsu competitions as well as winning a gold medal in the 65 kg division at the Australian national freestyle wrestling championships. [early career] Starting his career in 2016, Erceg fought in Australian promotions such as Hex Fighting Series and Eternal MMA, winning the flyweight title in the latter and compiling an 9–1 record before signing with the UFC. [personal life] Erceg's nickname 'Astroboy' comes from Erceg's resemblance in his younger years to the Japanese manga character."
f00ac08ab056af5d,Tagir Ulanbekov,Tagir Ulanbekov,"Tagir Radzhabovich Ulanbekov (Russian: Тагир Раджабович Уланбеков; born July 8, 1991) is a Russian professional mixed martial artist who competes in the Flyweight division of the Ultimate Fighting Championship (UFC). He is also the former Fight Nights Global Flyweight Champion. Ulanbekov is a one-time world champion, one-time Eurasian champion and one-time European cup winner in combat sambo for his team, SC Bazarganova.","[background] Tagir Ulanbekov was born to an Avar family on July 8, 1991, in the village of Dylym in the Kazbekovsky District of the Republic of Dagestan.
As a child, Ulanbekov began wrestling after his uncle took him to a wrestling section named after Saypulla Absaidov. When Ulanbekov was 8 years old, he moved to Makhachkala, Dagestan. In Makhachkala, he joined the ranks of Eagles MMA and was coached by Abdulmanap Nurmagomedov. There, he trained alongside fighters such as former UFC Lightweight Champion Khabib Nurmagomedov and current UFC Welterweight Champion Islam Makhachev.
Growing up, Tagir worked in the bazaar, helping his mother. [early career] Ulanbekov won his first career victory over Magomednur Aglarov at the ""Liga Kavkaz - Grand Umakhan Battle"" tournament. He would go on to win 7 bouts in a row, and won the Fight Night Global Flyweight title, where he submitted Artan Asatryan in the fourth round via guillotine choke at Fight Nights Global 76. Ulanbekov would face defeat for the first time in his career against fellow future UFC fighter Zhalgas Zhumagulov at Fight Nights Global 88, losing the close bout by majority decision. He would then compete under the banner of Gorilla Fighting Championship (Now Eagle FC), where he went 3-0 and captured the GF Flyweight Championship. [professional grappling career] Ulanbekov competed against Jussier Formiga in the co-main event of ADXC 6 on October 25, 2024. He lost the match by unanimous decision."
4461d7e47375a895,Tatsuro Taira,Tatsuro Taira,"Tatsuro Taira (平良達郎, Taira Tatsurō; born January 27, 2000) is a Japanese professional mixed martial artist. He currently competes in the Flyweight division of the Ultimate Fighting Championship (UFC). As of July 11, 2026, he is #4 in the Meta UFC flyweight rankings. Taira is the first fighter born in the 2000s to fight in and win a UFC main event.","[background] Taira started playing baseball in the third grade of elementary school but was not passionate about it and took a break in junior high school from club activities. Influenced by his older brother who was learning kickboxing at The Palaestra Okinawa, he started attending the gym in his first year of high school and trained in mixed martial arts under Ryota Matsune's guidance. In 2017, he won the 11th Kyushu Amateur Shooto Championship tournament and the 24th All-Japan Amateur Shooto Championship tournament, and was promoted to the professional ranks with a record of ten wins in ten amateur Shooto fights.
He lists Marlon Vera as his favorite fighter. [early career] On August 3, 2018, he made his professional debut against Yo Otake in the first round of the flyweight division of the Shooto Rookie of the Year Tournament, winning by first-round triangle choke. On November 25, 2018, he rematched Ryu Oyakawa, whom he fought twice as an amateur, in the flyweight final of the Shooto Newcomer's Championship Tournament, winning by first-round guillotine choke. He won the flyweight rookie champion and MVP of the same year.
On September 22, 2019, he fought Takahiro Kobori, ranked #8 in the Shooto World Flyweight Rankings, and won by TKO via ground & pound 60 seconds into the fight.
Taira was next scheduled to face Kiyotaka Shimizu at Shooto 0329 on March 29, 2020. However, the event was cancelled due to the COVID-19 pandemic. The bout was then rebooked to take place at Shooto 1123 on November 23, 2020 and he won the fight via unanimous decision.
Won by rear-naked choke 61 seconds into the match against Yoshiro Maeda, ranked #5 in the world flyweight division by Shooto, on March 20, 2021.
On July 4, 2021, he faced champion Tatsuya Fukuda at the Shooto World Flyweight Championship and won by first-round triangle choke to win the title.
On November 6, 2021, he fought LFN flyweight champion Alfredo Muaiad at VTJ 2021 and won by first-round rear-naked choke."
6e00cfffd54653c4,Tyson Nam,Tyson Nam,"Tyson Ka’eo Nam (born October 6, 1983) is an American professional mixed martial artist who competes in the Flyweight division. A professional since 2006, Nam has formerly competed for the Ultimate Fighting Championship, World Series of Fighting, Elite XC, and King of the Cage.","[background] Born and raised in Waimanalo, Hawaii on the island of Oahu. Nam competed in various sports from a young age and began training in judo at the age of six before he began boxing in high school, then transitioned to kickboxing, before turning his focus to mixed martial arts. Nam attended and graduated from the University of Hawaii. [early career] Nam began his professional MMA career in the Hawaii-based promotion, ICON Sport. Nam compiled a 3–1 record in the promotion during 2006 and was then signed to compete in Elite XC, in which he recorded a decision victory. Nam then fought in various other promotions, such as King of the Cage, before he was signed by Bellator Fighting Championships. Nam was signed in March 2011 as a short-notice replacement in the promotion's season 6 bantamweight tournament, after the original participant, Rodrigo Lima was forced to withdraw. However, Lima was later declared able to compete and was re-entered into the tournament, forcing Nam out. Bellator then apparently promised Nam a spot in the season 7 tournament, according to Nam's trainer, Phil Claud. However, in June, Nam was informed that the competition had been cancelled and he was released from his contract [karate combat career] On January 24, 2025, Nam made his Karate Combat debut against Loxbey Montalvan, winning via TKO in the second round. [dirty boxing career] On August 29, 2025, Nam made his debut with Mike Perry's ""Dirty Boxing Championships"" promotion, facing Ricky Bandejas in the opening bout of the card. Nam won via TKO in the first round. [personal life] Nam's older brother, Jason Nam, a professional bodybuilder, was shot and killed outside of his apartment on March 10, 2006. Jason Nam was also engaged to his fiancé at the time."
be9bdec19b7e9ffe,Austen Lane,Austen Lane,"Austen Douglas Lane (born November 9, 1987) is a retired American mixed martial artist and former professional football defensive end who last competed in the light heavyweight division of the Ultimate Fighting Championship (UFC). He was selected by the Jacksonville Jaguars in the fifth round of the 2010 NFL draft. He played college football for the Murray State Racers. He was also a member of the Kansas City Chiefs, Detroit Lions, and Chicago Bears.","[early life] Lane grew up in Iola, Wisconsin.
Lane made 14.5 sacks on defense and caught 31 passes for 717 yards and 13 touchdowns on offense his senior year at Iola-Scandinavia High School. He earned All-conference and All-region honors for defense and offense and was selected All-state as a defensive end and honorable mention All-state as a wide receiver. Additionally, he had five blocked punts, 77 solo tackles, 61 assisted tackles and four fumble recoveries his senior year. He also earned two letters as a member of the Thunderbirds' basketball team and was named Second-team All-conference in 2004–05. [college career] Lane started 40 of 43 games at Murray State of the Football Championship Subdivision. He holds school records with 29 sacks and 55 tackles for loss. Following his senior year, he was named as a finalist for the Buck Buchanan Award, given to the top defensive player in FCS football. He was named as a FCS first-team All-American by the Associated Press and was selected as the Ohio Valley Conference Defensive Player of the Year.
In 2009 Lane was second in the FCS with 11.0 sacks and third in the FCS with 19.5 tackles-for-loss after leading the OVC in sacks and TFL. He also ended the year with intercepting a pass and returning it 21 yards for a touchdown in a victory over Austin Peay. For the season in 11 games, he had 64 total tackles, 32 solo stops, 19.5 tackles for loss, 11 sacks, 1 interception for 21 yards and  1 touchdown, 3 forced fumbles, 1 fumble recovery, 8 quarterback hurries, 2 pass breakups.
The previous season he played in all 12 games and recorded 63 tackles, ranked second in the country with 22 tackles-for-loss and set MSU single-season record with 12 sacks. In 2007 Lane started 10 games at defensive end and led all defensive linemen with 48 stops, including 28 solo stops. In 2006 as a true freshman he played in 10 games, making 34 tackles, including 11 solo stops. He also had 3.5 tackles for a loss,  finished with 2.5 sacks and had one pass break-up and blocked two kicks. [amateur career] In November 2015, Lane made his amateur MMA debut, in which he defeated Micah Cross by knockout in the first round. Over the next year, Lane increased his amateur MMA record to 5 wins against no losses with all of his wins coming via knockout. [professional career] Lane made his professional MMA debut in April 2017. He won his debut via knockout in the first round. Over the following year and into 2018, Lane fought three more times and improve"
1788eee370f077b7,Blagoy Ivanov,Blagoy Ivanov,"Blagoy Ivanov (Bulgarian: Благой Александров Иванов; born October 9, 1986) is a Bulgarian mixed martial artist and Sambo practitioner. He previously competed for the Ultimate Fighting Championship (UFC) and Professional Fighters League (PFL). He was also the 2008 Combat Sambo World Champion and the former World Series of Fighting Heavyweight Champion.","[background] Blagoy has competed in judo as a heavyweight national representative for Bulgaria. He competed in the 2003 Balkan Junior Championships and placed first. He then continued in competition up to the European Championships level but only placed 7th in the 2007 U23 Tournament, and did not make an attempt to represent Bulgaria in the 2008 Olympic games. Ivanov chose to enter into a career in mixed martial arts as opposed to representing Bulgaria in the 2012 Olympic Games. [sambo career] He notably defeated four-time World Combat Sambo Champion and mixed martial arts fighter Fedor Emelianenko in the semi-finals of the 2008 World Sambo Championships on November 16, 2008. (He went on to win the finals over Germany's Janosch Stefan the following day.) Ivanov previously faced Emelianenko in February 2008 at Russia's Presidents Cup Sambo competition, losing the match to Emelianenko."
7a5e8c94a86f9895,Chris Barnett,Chris Barnett,"Christopher James Barnett (born June 14, 1986) is an American professional mixed martial artist who competed in the Heavyweight division of the Ultimate Fighting Championship (UFC).","[background] Barnett was born in Zaragoza, Spain, where his father was stationed as a United States Air Force captain. Around the age of four, the family returned to the United States and after bouncing around they settled in Georgia. Both of his parents are black belts in Taekwondo, and he started training the martial art around the age of five. Barnett went to Campbellsville University and University of South Florida and graduated with a bachelor's degree. At Campbellsville, Barnett competed in Wrestling on a scholarship and began training in Judo. Barnett received an invitation to try out mixed martial arts after showing his moves in a dance battle, and started training immediately. [early career] Starting his professional career in 2009, Barnett fought primarily in Xtreme Fighting Championships and started 5–0 with four knockouts. He also fought in other notable Asian organizations, such as Rizin Fighting Federation, Road Fighting Championship, and Inoki Genome Federation. [personal life] Barnett's wife died in May 2022 after a battle with encephalitis. Barnett and his late wife have a daughter and a son."
787bb1f087ccff8a,Ciryl Gane,Ciryl Gane,"Ciryl Romain Gane (born April 12, 1990) is a French professional mixed martial artist, actor, and former Muay Thai fighter. He currently competes in the Heavyweight division of the Ultimate Fighting Championship (UFC), where he is the current and two-time Interim UFC Heavyweight Champion. A professional since 2014, Gane has also formerly competed for TKO Major League MMA where he was the Heavyweight Champion. As of June 23, 2026, he is #10 in the UFC men's pound-for-pound rankings.","[early life] Gane was born in La Roche-sur-Yon in the Vendée department. His paternal family has roots in the French overseas department of Guadeloupe. His father, Romain Gane was a bus driver, and footballer in the Division d'Honneur. As a youth, Ciryl played football and basketball. Despite his sporting talent, he decided to work in sales at a furniture store and he joined a work-study program in Paris. During this time, a former classmate introduced him to Muay Thai. [muay thai career] Gane made his professional debut on June 4, 2016, in a AFMT Muay thai heavyweight title fight against Jérémy Jeanne. He won the fight by a second-round knockout.
After a decision win against Samih Bachar, Gane was scheduled to fight the K-1 veteran Brice Guidon at La Nuit Des Titans. He beat Guidon by a third-round knockout.
Gane was scheduled to defend his AFMT title against Jonathan Gengoul at Muay Thai Spirit 5. He won the fight by a first-round knockout.
At Warriors Night, Gane beat Bangaly Keita by a third-round knockout. He was then scheduled to fight the multiple-time WBC Muaythai champion Yassine Boughanem at Duel 2. Gane won the fight by decision. [early career] Coached by Fernand Lopez, Ciryl Gane made his professional MMA debut in 2018. He was first contracted to the Canadian MMA promotion TKO, where his first fight was for the vacant TKO heavyweight championship, against Bobby Sullivan. He won the title fight in the first round through a front choke.
He defended the heavyweight championship a month later against Adam Dyczka, winning the fight in the second round via a TKO. His third fight in TKO, and his second title defense, was against Roggers Souza, which he won in the first round by a TKO. [personal life] Gane and his wife have two daughters. They live in Nogent-sur-Marne, in the eastern suburbs of Paris."
fa6796c55d6c5440,Curtis Blaydes,Curtis Blaydes,"Curtis Lionell Blaydes (born February 18, 1991) is an American professional mixed martial artist. He currently competes in the Heavyweight division of the Ultimate Fighting Championship (UFC). A professional since 2014, Blaydes formerly competed for the Resurrection Fighting Alliance (RFA). As of September 5, 2026, he is #11 in the Meta UFC heavyweight rankings.","[background] Blaydes was born in Naperville, Illinois, and raised in nearby Chicago along with his four other siblings. He began wrestling for the De La Salle Institute, winning a state title his senior year while also compiling an undefeated 44–0 record. During his four years, Blaydes compiled an overall record of 95–18 with 121 takedowns. Blaydes also played American football for De La Salle as a defensive end. He later earned a full wrestling scholarship to Northern Illinois University. After going 9–2 as a redshirt freshman at NIU, he transferred to Harper College. At Harper, Blaydes won the NJCAA National Championship as a redshirt sophomore. After he began fighting in amateur mixed martial arts, Blaydes left school to focus on a career in MMA.
Blaydes was an IKF amateur champion. [early career] Blaydes compiled an 8–0 amateur record before turning professional in 2014. He then went 5–0, with all wins via TKO, before being signed by the UFC. [personal life] Blaydes has a daughter."
d3df1add9d9a7efb,Derrick Lewis,Derrick Lewis,"Derrick James Lewis (born February 7, 1985) is an American professional mixed martial artist. He currently competes in the Heavyweight division of the Ultimate Fighting Championship (UFC), where he currently holds the record for most finishes in the Heavyweight division and most knockouts in UFC history (16). A professional since 2010, Lewis has also competed for Bellator MMA and Legacy FC, where he was the Heavyweight Champion.","[background] Born and raised as one of seven siblings, the second oldest, by a single mother in New Orleans, Louisiana, Lewis was troubled growing up and was often involved in street fighting. In 1998, Lewis and his family relocated to Houston, Texas. At the age of 17, Lewis began training in boxing and was preparing for his first amateur fight when the gym unexpectedly shut down. Two weeks after graduating from high school, Lewis was charged with aggravated assault, and was placed on probation. Two years later, while attending Kilgore College on a full scholarship for football, Lewis violated his probation and was sentenced to five years in prison, but ended up serving three and a half. A week after being released, Lewis was introduced to mixed martial arts by a friend and, while working as a tow-truck driver, continued with boxing under the tutelage of George Foreman. After dominating in his first professional mixed martial arts fight, Lewis decided to focus on mixed martial arts. [early career] Lewis began his journey in MMA in late 2009, when he made his debut as an amateur against Jay Ross at LSAMMA on October 16, 2009. He lost the fight via TKO (doctor stoppage). He then faced Tim Buchanan at the United States American Combat Association event on January 30, 2010. He won via TKO.
After turning professional in 2010, Lewis would compile a fight record of 4–1 before signing with Bellator MMA in May 2010. [personal life] Lewis married his long-time girlfriend in Honolulu, Hawaii, on June 17, 2017. They have two sons and one daughter.
During the flooding caused by Hurricane Harvey in 2017, Lewis pulled an estimated 100 people from the flood waters in Houston, Texas, via his lifted truck.
On May 18, 2021, Lewis was returning to his car after a workout when he discovered a man allegedly trying to open the door of his vehicle. Lewis reportedly struck the alleged thief and pinned him to the ground until the police arrived."
2cd428e9606856fd,Jairzinho Rozenstruik,Jairzinho Rozenstruik,"Jairzinho R. Rozenstruik (born 17 March 1988) is a Surinamese professional mixed martial artist and former kickboxer. He is the current Dirty Boxing Heavyweight Champion. He formerly competed in the Heavyweight division of the Ultimate Fighting Championship (UFC). Rozenstruik currently holds the record for second fastest knockout in the heavyweight division against Allen Crowder at UFC Fight Night 154. In kickboxing, he is a former WLF Super Heavyweight Tournament Champion and a Superkombat World Grand Prix I 2013 Runner-Up.","[background] Rozenstruik was born and raised in Paramaribo. His parents were football fans and named him after the Brazilian star Jairzinho. Rozenstruik played football and basketball before starting to train kickboxing at the age of seventeen in a local gym. After he competed in kickboxing, he transitioned to  mixed martial arts in 2012. [early career] In May 2012, Rozenstruik won his debut MMA fight against Evgeny Boldyrev at DRAKA MMA: Governor's Cup 7 in Vladivostok, Russia.
In April 2017, after five years of focusing on his kickboxing career, Rozenstruik won an MMA match versus Engelbert Berbin during a regional promotion in Aruba.
In April 2018, Rozenstruik signed a multi-fight contract with the Rizin Fighting Federation.
In May 2018, Rozenstruik won his promotional debut versus Andrey Kovalev at Rizin FF – Rizin 10 by split decision. [personal life] Rozenstruik has two daughters and a son."
25f9a5f3e8a52618,Jhonata Diniz,Jhonata Diniz,"Jhonata Wilhan Diniz (born June 23, 1991) is a Brazilian mixed martial artist currently competing in the Heavyweight division of the Ultimate Fighting Championship (UFC). He is also a former kickboxer who competed for GLORY and SUPERKOMBAT Fighting Championship.","[early career] Jhonata Diniz defeated Jan Soukup by decision after Soukup survived knockdowns in rounds one and three at Ichigeki Brazil 2010 in São Paulo on July 31, 2010.
On September 3, 2011, Diniz won a 4-man muay thai rules tournament. He defeated Haime Morais in the semifinal and Saulo Cavalari in the final, both by unanimous decision."
8667caa0451d245b,Kennedy Nzechukwu,Kennedy Nzechukwu,"Kennedy Ikenna Nzechukwu  (born June 13, 1992) is a Nigerian professional mixed martial artist who competes in the Heavyweight division of the Ultimate Fighting Championship (UFC).","[background] Nzechukwu moved from Nigeria to the United States with his family in 2010. He started training in mixed martial arts when his mother brought him to Fortis MMA in 2015 to learn some discipline. He attended college but dropped out in order to pursue a career in mixed martial arts and  after his mother was diagnosed with ALS. [early career] After his amateur career, Nzechukwu turned professional, racking two straight victories in the Xtreme Knockout organization. He was then invited to compete in the Dana White's Contender Series. His bout took place on August 22, 2017, at Dana White's Contender Series 7 against Anton Berzin. He won the bout via split decision but did not receive a contract to the UFC.
He then returned to the regional circuit and notched two knockout victories in XKO and Legacy Fighting Alliance."
c9cf753cfdf77fc2,Marcin Tybura,Marcin Tybura,"Marcin Tybura (born November 9, 1985) is a Polish professional mixed martial artist. He currently competes in the Heavyweight division of the Ultimate Fighting Championship (UFC). A professional competitor since 2011, Tybura previously fought for M-1 and was an M-1 Global Heavyweight Champion and M-1 Grand Prix 2013 Heavyweight Champion.","[early life] Tybura began training in 2006 after a friend introduced him to the sport. Within weeks, he began feeling the urge to compete. However, he would not make his professional debut until several years later.
He earned a Master's degree in Physical Education at the University of Łódź. [early career] Tybura made his professional debut on November 5, 2011, against Robert Marcok, whom he beat by a rear-naked choke. He won his next five fights on the Polish MMA circuit, most notably defeating the future UFC heavyweight Adam Wieczorek by a unanimous decision. His last fight at the regional level was a third-round TKO of Krystian Kopytowski at Gladiator Arena 4."
e2f6b2769aaedd6c,Serghei Spivac,Serghei Spivac,"Serghei Spivac (born January 24, 1995) is a Moldovan professional mixed martial artist who competes in the Heavyweight division of the Ultimate Fighting Championship (UFC). A professional since 2014, he has also formerly competed for World Warriors Fighting Championships, Eagles Fighting Championship, N1 Pro and Real Fight Promotion. As of August 22, 2026, he is #13 in the Meta UFC heavyweight rankings.","[early career] Serghei Spivac made his MMA debut in September 2014 with the Ukrainian promotion Real Fight Promotion, at 19 years old. He faced Andrey Serebrianikov as his first opponent. He won the fight in the last minute of the first round, by way of TKO.
His second fight was with the Ukrainian-based World Warriors Fighting Championships, at WWFC Ukraine Selection 1, where he faced  Evgeniy Bova in the main event. Spivac won the fight in the first round by way of a kimura.
His second fight with World Warriors Fighting Championships was during WWFC: Ukraine Selection 4, in the main event. His opponent was  Yuri Gorbenko, whom he defeated in the first round through an armbar.
Spivac would than fight against Dimitriy Mikutsa, under the N1 Pro organization. Spivac submitted Mikutsa through an armbar during the last minute of the second round.
Under the banner of Eagles Fighting Championship, Spivac faced Artem Cherkov. Spivac would beat him in the first round, by way of a head kick.
After a year-long layoff, Spivac would return to the World Warriors Fighting Championships. His first opponent was Luke Morton, whom he beat by KO. In his next fight Spivac fought against the MMA veteran Travis Fulton for the vacant WWFC Heavyweight Championship, a fight which he won in the first round by a rear naked choke. He would defend the title 10 months later against the Croatian fighter Ivo Cuk, winning the bout in the first round by TKO. His last fight with WWFC was his last title defense, five months after his fight with Cuk, against Tony Lopez. He defeated Lopez by a neck crank  in the last minute of the first round. [personal life] Spivac and his wife Marina have a daughter who was born in 2020. Spivac's father died in 2025."
c62fbc117d57b943,Tai Tuivasa,Tai Tuivasa,Tai Anthony Tuivasa (born 16 March 1993) is an Australian professional mixed martial artist. He currently competes in the Heavyweight division of the Ultimate Fighting Championship (UFC).,"[early life] Tuivasa was born in Sydney to an Indigenous Australian (Wiradjuri) mother and a Samoan father. He grew up in the western Sydney suburb of Mount Druitt with 11 siblings, and predominantly played rugby league in his youth. He was signed by the professional Sydney Roosters rugby league club in 2010, but gave up playing the sport when he developed a gambling addiction. [early career] Tuivasa made his professional MMA debut in August 2012 in his native Australia. He fought sporadically over the next four years, with all of his wins ending in knockouts.
Tuivasa also fought a couple of MMA mixed rules bouts with Combat 8 promotions. Tuivasa fought Australian former rugby league representative John Hopoate on 1 December 2012 in the Newcastle Panthers FC arena at Combat 8:02, the second Combat 8 event, winning the fight by TKO. Tuivasa later fought kickboxer Peter Graham at Combat 8:03, in a back-and-forth brawl that seemed as if Tuivasa would finish his opponent early on. Yet as the fight went on, Graham rallied and Tuivasa tired, leading to an eventual loss for Tuivasa via TKO in the second round due to punches. [personal life] Tuivasa has one son, with Brierley Pedro who is the sister of former UFC light heavyweight fighter Tyson Pedro.
Tuivasa currently hosts ""The Halfcast Podcast"", with Tyson Pedro and Andrew Fifita as co-hosts.
Since 2018, Tuivasa has celebrated his victories by doing a shoey, drinking beer from a borrowed shoe. Sydney newspaper The Daily Telegraph coined the moniker ""Shoeyvasa"". At UFC 254, he won again but was not allowed to do the shoey in the cage, but has since continued the tradition.
Tuivasa is co-owner of Drink West Brewery with Tyson Pedro and Nathan Cleary.
Tuivasa won the 2024 edition of The Amazing Race Australia (celebrity edition) with his brother Logan."
71171fc96445bf65,Vitor Petrino,Vitor Petrino,"Vitor Petrino Malaquias Salvo (born August 28, 1997) is a Brazilian professional mixed martial artist. He currently competes in the Heavyweight division of the Ultimate Fighting Championship (UFC). As of August 22, 2026, he is #8 in the Meta UFC heavyweight rankings.","[background] Born in Santa Luzia, Minas Gerais, Petrino began his martial arts journey at the age of 13. The first disciplines he devoted himself to were sanda and Chinese boxing, and it was at the age of 18 that he entered the world of amateur MMA.
Petrino worked hard outside the realm of fighting to study and dedicate himself to training. While studying Physical Education, he worked as a salesman, mechanic's assistant, and also worked in a warehouse company. [early career] Petrino made his professional MMA debut facing Rodolfo Bellato at Max Fight 22 in 2019. Petrino won by knockout in 25 seconds. After that fight, he achieved five more victories, including four more knockouts."
333b9e5c723ac873,Aleksandar Rakic,Aleksandar Rakić,"Aleksandar Rakić (Serbian Cyrillic: Александар Ракић; born 6 February 1992) is an Austrian mixed martial artist. He currently competes in the Heavyweight division of the Ultimate Fighting Championship (UFC). A professional since 2011, Rakić has also competed for the Final Fight Championship in Austria.","[background] Rakić was born and raised in Vienna, Austria, into a Serb family. As a child, he played football. However, he was aggressive up to a point where he was expelled from the team. Rakić started training in kickboxing and boxing when he was 12 years old, and had his first fight at 14. He accumulated over 40 fights by the time he was 20 years old, when he transitioned to mixed martial arts (MMA) for a new challenge. He worked at a hotel to support himself while training. [early career] Rakić started his professional MMA career in 2011, competing primarily in the European circuit, and amassed a record of 8–1 before being signed by the UFC in March 2017."
a495f599e787614f,Alonzo Menifield,Alonzo Menifield,"Alonzo Theodoro Menifield (born October 18, 1987) is an American mixed martial artist. He currently competes in the Light Heavyweight division of the Ultimate Fighting Championship (UFC). A professional since 2015, he has formerly fought in Bellator , the Legacy Fighting Alliance and Dana White's Contender Series. As of August 22, 2026, he is #13 in the Meta UFC light heavyweight rankings.","[background] Menifield was born in Los Angeles, California. After his father died, his mother raised him and his brother until the age of 14 when the boys were put in foster care. Menifield bounced around between 12 different foster homes. Menifield attended Canyon High School for only two years, but graduated and excelled at football. Menifield continued his football career at NJCAA Glendale Community College (California), where he starred as primarily a linebacker and was an Honorable Mention All-American his sophomore year as well as a member of the track and field team. After his first two seasons at Glendale, Menifield earned a scholarship to Texas A&M University–Commerce where he graduated with a degree in Criminal Justice. Menifield later played football professionally in both the CFL and Arena Football League. [early career] Menifield made his MMA debut at heavyweight against Zach Rosol on November 20, 2015 at Bellator 146. He won the fight via TKO in the first round.
Menifield then moved to light heavyweight and won his next two fights via TKO and KO before fighting in Dana White's Contender Series. [personal life] Menifield is married and has two sons; Alonzo Jr., and Zavier."
e90a2f22417af68e,Azamat Murzakanov,Azamat Murzakanov,"Azamat Anzorovich Murzakanov (Russian: Азамат Анзорович Мурзаканов; born April 12, 1989) is a Russian professional mixed martial artist. He currently competes in the Light Heavyweight division of the Ultimate Fighting Championship (UFC). As of August 22, 2026, he is #10 in the Meta UFC light heavyweight rankings.","[background] Azamat Murzakanov was born on April 12, 1989, in the village of Kyzburun III (now Dygulybgey), Kabardino-Balkaria. After graduating from high school in 2006, he served in the internal troops, and after demobilization, he worked in the SOBR of the Ministry of Internal Affairs for the Kabardino-Balkarian Republic, where he met his future coach, Khachim Mamkhegov (honored trainer of Russia in hand-to-hand combat). With his experienced mentor, Murzakanov has achieved resounding success in national and international tournaments (multiple champion of Russia, 3-time world champion, gold medalist of the European and Asian championships, honored master of sports in hand-to-hand combat). [early career] In 2010, Azamat Murzakanov started his professional MMA career, training at the Unity Sports Complex in Nalchik. His debut took place on February 13, 2010, at the ProFC - Union Nation Cup 5 tournament, where he knocked out Anzor Khakimov in just 10 seconds. After a break due to work and studies, Murzakanov returned to fighting in June 2015, showcasing his knockout power at the ROC 51 event. In October 2015, he competed in the Polish promotion, Envio Fight Night, and won by unanimous decision.
In 2016, Murzakanov had three fights and achieved early victories in all of them. On May 14, he won via TKO at Global Proving Ground 24; on July 23, he defeated Bohdan Bulakh with a submission; and on October 2, he knocked out André Muniz, ending Muniz's eight-match winning streak. On April 15, 2017, Murzakanov competed in the Russian MMA league, Absolute Championship Akhmat, securing another quick finish against Georgy Sakaev at ACB 57.
Murzakanov signed with the UFC and was expected to face Joachim Christensen on June 25, 2017, at UFC Fight Night: Chiesa vs. Lee. However, Murzakanov was removed from the card on June 8 for undisclosed reasons. It was later announced that the reason was that Murzakanov had failed USADA doping test, testing positive for boldenone metabolites 5β-androst-1-en-17β-ol-3-one and androsta-1,4-diene-6β-ol-3,17-dione. Murzakanov was suspended for 2 years starting on September 2, 2017.
In late 2019, news surfaced that Murzakanov had applied to Brave CF openweight tournament with a prize of $100,000, and was eventually picked to be a part of the tournament.  The tournament took part on November 15, 2019, at Brave CF 29, using his wrestling in the semi-final to defeat Guto Inocente via unanimous decision, before knocking out Mohammad Fakhreddine"
49edd0d90f60fb7d,Brendson Ribeiro,,,
9014c02eff8b3d62,Carlos Ulberg,Carlos Ulberg,"Carlos Sao Murry Ulberg (born 17 November 1990) is a New Zealand professional mixed martial artist and former kickboxer. He currently competes in the light heavyweight division of the Ultimate Fighting Championship (UFC), where he is the current UFC Light Heavyweight champion.","[background] Ulberg was born in New Zealand to parents of Samoan, Māori and German descent. His father was a boxer who represented Samoa at the Commonwealth Games. He was raised by a foster family in South Auckland from the age of four and attended Sir Edmund Hillary Collegiate. Ulberg began playing rugby league as a child, a sport in which he would later compete at the semi-professional level when he became a Counties-Manukau representative. He was a contestant on the Game of Bros reality television show in 2018 and was twice offered the opportunity to star in New Zealand's version of The Bachelor.
Ulberg works part-time as a model. [professional boxing career] In August 2015, Ulberg fought in his first and only professional boxing fight, with his stable mate Sam Rapira main eventing the card. He took on Daniel Meehan. Ulberg won the fight by unanimous decision. [early career] Ulberg made his MMA debut in 2011 for the King of the Door promotion when he faced Kaota Puna and secured a second-round knockout in his first professional fight."
d0aaedcf7ccd0b45,Chris Daukaus,Chris Daukaus,"Christopher Paul Daukaus ( DAW-kəs; born September 25, 1989) is an American mixed martial artist who competes in the Heavyweight division of Cage Fury Fighting Championships. He previously competed for the Ultimate Fighting Championship (UFC). He is the older brother of UFC fighter Kyle Daukaus.","[background] Daukaus was raised in Northeast Philly in the Tacony neighborhood. In 2007, Chris graduated from Northeast Catholic High School, and became a resident of Parkwood, Philadelphia. After graduating, he attended Pennsylvania State University before dropping out. He started training in mixed martial arts a year prior to enrolling into the police academy in order to fill the void of sports and competition after high school, and to follow in the footsteps of his father who was also a police officer. [early career] A professional since October 2013 and representing Martinez BJJ, Daukaus compiled an 8–3 record in 11 career bouts as a professional, winning by seven knockouts and one decision. Daukaus has competed with CES MMA, Cage Fury Fighting Championships, and Ring Of Combat. He has finished seven of his eight professional victories. In his MMA debut at XFE Cage Wars 27, he defeated Robert Duvalle via TKO in the first round. Daukaus also defeated Jeffrey Blachly via TKO in round two in his debut appearance with Cage Fury Fighting Championships at CFFC 50. He defeated Blachly a second time via a unanimous decision at CFFC 62. Then at KOTC Regulator, Daukaus defeated Anthony Coleman via TKO in the first round. He also defeated Plinio Cruz via TKO in round one at CFFC 69. For his lone outing with CES MMA at CES MMA 52 Daukaus defeated Joshua Marsh via TKO in the second round.
At Ring Of Combat 65, he faced Edwin Smart and defeated him via technical knockout in round one to earn the sixth knockout victory of his professional career.
Daukaus suffered a loss to Zu Anyanwu in a bout for the Cage Fury FC Heavyweight Championship at CFFC 73 on March 2, 2019. Daukaus was clearly winning that fight before a big shot changed the complexion of it quickly and Daukaus was knocked out.
He then faced Danny Holmes at CFFC 77 on August 16, 2019. He won the fight via first-round technical knockout.
Daukaus was then scheduled to face Shawn Teed for the Cage Fury FC Heavyweight Championship in a rematch at CFFC 82 on March 21, 2020. However, the whole event was postponed due to the COVID-19 pandemic. The event and the championship bout was rescheduled to take place at August 12, 2020. However, Daukaus signed with the UFC in early August and was replaced by Carl Seumanutafa. [professional grappling career] Daukaus competed against Alexandr Romanov at Fury Pro Grappling 8 on December 30, 2023. He lost the match by decision. [personal life] Daukaus had been a Philadelphia P"
cd13728ae1151f46,Ion Cutelaba,Ion Cutelaba,Ion Cutelaba (born 14 December 1993) is a Moldovan professional mixed martial artist who currently competes in the Light Heavyweight division of the Ultimate Fighting Championship (UFC).,"[background] Born and raised in Chișinău, Cutelaba began training and competing in Greco-Roman wrestling as a clone. He additionally competed in Sambo and Judo, becoming a national champion in both. In 2012, representing Moldova, Cutelaba finished first in the 90 kg category of the European Sambo Championships. [early career] Cutelaba made his professional debut in April 2012, competing primarily for regional promotions across Eastern Europe. He amassed a record of 11-1 (1) before signing with the UFC in the spring of 2016. [personal life] Cutelaba and his wife Olga have two daughters."
70e1f8a821b72c8b,Jimmy Crute,Jimmy Crute,Jimmy Crute (born 4 March 1996) is an Australian professional mixed martial artist. He currently competes in the Light Heavyweight division in the Ultimate Fighting Championship (UFC). Crute was the former Australian Hex Fight Series Light Heavyweight Champion.,"[background] Crute comes from a long line of boxers on both parents’ sides, and his parents got him started in Karate at age four and Judo at eight. Crute started training Brazilian Jiu-Jitsu at the age of 11, however, it wasn't until he was 12 that discovered MMA. When he was 19, he made his professional debut in the Hex Fight Series in Melbourne, winning with a first round submission. [early career] Crute fought exclusively in Hex Fight Series in Australia where he won the light heavyweight championship and defended it twice. He amassed a record of 7–0 with two TKOs and two submissions prior to competing on Dana White's Contender Series. [personal life] Crute has stated in an interview that he is a Christian.
Crute was a full-time forklift driver prior to being signed by the UFC."
009341ed974bad72,Jiri Prochazka,Jiří Procházka,"Jiří Procházka (Czech: [ˈjɪr̝iː ˈproxaːska] ; [ˈjɪrka] ; born October 14, 1992) is a Czech professional mixed martial artist. He currently competes in the Light Heavyweight division of the Ultimate Fighting Championship (UFC), where he is a former UFC Light Heavyweight Champion and the first Czech fighter to win a UFC championship. He was the inaugural Rizin Fighting Federation Light Heavyweight Champion and the inaugural Gladiator Fighting Championship Light Heavyweight Champion. As of April 14, 2026, he is #3 in the Meta UFC light heavyweight rankings.","[early life] Procházka was born on October 14, 1992, in a hospital in Znojmo in Czechoslovakia (now the Czech Republic), but he comes from the nearby village of Hostěradice. Procházka's father died at age 27 when Jiří was six years old. In his youth, Procházka played amateur football for TJ Družstevník Hostěradice. He was also an active freestyle BMX rider and a floorball player.
As a teen, Procházka partook in street fights almost weekly, getting into more than 100 of them. This eventually led him to join the hooligan firm tied to Procházka's local football team, FC Zbrojovka Brno, where he would take part in organized group street fights with clubs of other teams, even participating in 30-on-30 brawls.
Procházka first encountered mixed martial arts before beginning high school, after a friend showed him videos of kickboxer Ramon Dekkers and mixed martial artists Mirko Filipovic and Fedor Emelianenko. After watching the film Never Back Down, he began to train in martial arts, in particular Thai boxing. [personal life] Procházka is well known as a devoted follower of the Bushido principles, the samurai moral values and Miyamoto Musashi's teachings and philosophy, especially Musashi's The Book of Five Rings, which Procházka considers a life-changing book for him.
He is a supporter of FC Zbrojovka Brno and was involved in organized football hooliganism, including pre-arranged fights, until he started his professional combat sports career.
Besides his native Czech, Procházka is conversational in English and has actively improved his proficiency in the language since joining the promotion. Procházka is also conversational in Japanese, having mostly fought in the country for the latter half of the 2010s.
While competing in UFC and Rizin FF, Procházka attended Masaryk University for his bachelor's degree, majoring in security forces physical fitness policy. He is also a graduate of his local Protective Service Secondary Academy (Czech: SOŠ OOM), now the Brno's School of Law & Security (Czech: BPA). He has also earned a master's degree in Security and Strategic Studies from Masaryk University's School of Special & Sports Education of Security Bodies while competing in the UFC.
Procházka is known for his catchphrase, ""BJP"" (B'e-y'e-p'e; Czech: [bɛːjɛːpɛː] ). It is the Czech initialism for ""Bomby jak piča(!)"" (English: Bomb The Shit Out of 'Em[!] or Bomb-'em-up[!]), it is Procházka's battle cry and also the name of his merchandise brand.
His nickname, Denisa, is a "
c21f26bbde777573,Johnny Walker,Johnny Walker (fighter),"Walker Johnny Silva Barra de Souza (born March 30, 1992), known as Johnny Walker, is a Brazilian professional mixed martial artist. He currently competes in the Light Heavyweight division of the Ultimate Fighting Championship (UFC). A professional since 2013, Walker gained entrance into the UFC by competing on Dana White's Contender Series and also previously competed for Jungle Fight in his native Brazil. As of August 22, 2026, he is #14 in the Meta UFC light heavyweight rankings.","[early career] Walker made his professional MMA debut in December 2013. Over the next four years, he fought in his native Brazil and earned a record of ten wins against three losses with all of his wins coming via stoppages.
Walker ended up receiving an offer from a Scottish businessman to train there and moved to Scotland. However, after a month he received no pay and left. In early 2018, Walker made the move to England where he fought for various promotions and added 3 more wins to his record and earned a spot on Dana White's Contender Series in August 2018. Although from Brazil, Walker chose to represent England as he felt that is where he was able to reach his potential. [personal life] He is the older half-brother of Valter Walker, a fellow UFC fighter who competes in the heavyweight division. As of 2025, he is a brand ambassador, along with his brother, through a multi-year branding deal between the UFC and Spribe."
6370c1c1e12723d5,Marcin Prachnio,Marcin Prachnio,"Marcin Prachnio (born July 14, 1988) is a Polish mixed martial artist currently competing in the Light Heavyweight division. A professional mixed martial artist since 2013, Prachnio has competed in the Ultimate Fighting Championship, ONE Championship and Final Fight Championship.","[background] After three years of requesting his parents for permission, Prachnio started training karate at the age of 12. Eventually he became multiple-time Polish champion in kyokushin karate and placed second in European championships. Seeking for new challenges, Prachnio moved to Amsterdam in 2013 in order to transition to mixed martial arts. [early career] Prachnio started his professional mixed martial arts career in 2013, competing solely in European regional circuit. He fought multiple times in Final Fight Championship promotion, eventually racking up a 9–2 record and claiming the promotion's Light Heavyweight Championship in the process. Prachnio decided to drop to middleweight and not defend his title, leading the title to be vacated."
50db8711c70196cd,Ovince Saint Preux,Ovince Saint Preux,"Ovince Saint Preux (born April 8, 1983) is an American professional mixed martial artist who most notably competed in the light heavyweight and heavyweight divisions of the UFC, challenging once for the interim UFC Light Heavyweight Championship. A professional competitor since 2008, Saint Preux has also formerly competed for Strikeforce, the XFC, and Shark Fights. He is known for his unorthodox fighting style and has gained notability and notoriety for having won four fights using the rare Von Flue choke submission out of eight finishes in UFC history, leading to fans renaming it to the ""Von Preux choke"".","[background] Saint Preux was born in Immokalee, Florida, to Haitian immigrant parents. He attended Immokalee High School in Immokalee, Florida, where he wrestled, played defensive end for the football team, and ran track. As a wrestler, he compiled a record of 26–1, and was the state's 1A runner-up in his weight class. During his senior year in football, he registered 75 tackles, including a school-record 18 sacks, and was named All-State. In track, he competed in the 110-meter hurdles, the 300-meter hurdles, the discus throw, and the 4x400 relay.
Saint Preux played college football for the Tennessee Volunteers from 2001 to 2004. After redshirting in 2001, he played primarily as a reserve at both defensive end and linebacker. He earned varsity letters in 2002 and 2004, appearing in seventeen games during his college career. He graduated in 2004 with a degree in sociology, and began to train in kickboxing and submission grappling at the age of 21.
After two unsuccessful attempts at professional football, Saint Preux gave up the sport and began to take an interest in martial arts as a form of training. Saint Preux, who currently trains at Knoxville Martial Arts Academy in Knoxville, Tennessee, began to fight professionally at the suggestion of his coach.
Saint Preux attributes his confidence in the ring to his membership in Omega Psi Phi fraternity. [early career] Saint Preux compiled an undefeated amateur MMA record of 5–0 before making his professional MMA debut at VFC 1 against Rodney Wallace, which he lost by decision. In his second MMA match, he suffered another decision loss. His next match came against Robert Turner which he won by a brutal head kick at XFC 7: School of Hard Knox. Saint Preux was a runner-up for Inside MMA's Submission of The Year for 2009 with a calf slicer against Ombey Mobley, but was beaten by Toby Imada's reverse triangle."
d2cd7a69cc55e7ed,Austin Hubbard,Austin Hubbard,"Austin Steven Phillip Hubbard (born December 22, 1991) is an American mixed martial artist who competed in the Lightweight division of the Ultimate Fighting Championship (UFC). Fighting professionally since 2015, he has also competed for the Legacy Fighting Alliance, where he is the former Lightweight Champion.","[background] A native of Sterling, Illinois, Hubbard began his athletic career playing football and practicing wrestling for Newman Central Catholic High School. While pursuing a degree in Criminal Justice at Sauk Valley Community College, he started training MMA as a way to stay in shape. Hubbard moved to Denver, Colorado and joined Elevation Fight Team, training with Drew Dober and Neil Magny."
de45aaae23dfa392,Christos Giagos,Christos Giagos,"Christos Giagos (born January 23, 1990) is an American professional mixed martial artist who competed in the lightweight division in the Ultimate Fighting Championship (UFC).","[background] Giagos was born and raised in Southern California. Giagos competed in wrestling in high school, and began training in mixed martial arts at age 19 in 2009. He is a Greek American. [early career] Giagos made his professional mixed martial arts debut in 2009 competing as a lightweight primarily in regional promotions across California. He was able to compile a record of 10–2, including winning the RFA Lightweight Championship on August 22, 2014 with a TKO stoppage of Dakota Cochrane. On the heels of that victory, Giagos signed with the UFC in the fall of 2014. [personal life] Besides training at Systems Training Center, Giagos coaches CrossFit, kickboxing and strength and conditioning there. He is also an avid tenpin bowler."
135d124172a0bea3,Damir Ismagulov,Damir Ismagulov,"Damir Amangeldyevich Ismagulov (Kazakh: Дамир Амангельдыұлы Исмагулов; born February 3, 1991) is a Russian and Kazakh mixed martial artist, who competes in the Lightweight division. He has previously competed for the Ultimate Fighting Championship and was the former M-1 Global lightweight champion.","[background] As a child, he played football, was fond of horseback riding, tried himself in track and field athletics. Subsequently, he moved to Orenburg for permanent residence, enrolling in the Institute of Physical Culture and Sports of the Orenburg State Pedagogical University. As a student, he was engaged in various types of martial arts, fulfilled the standards of a master of sports in universal combat and in army hand-to-hand combat. Since 2011, he practised MMA at the amateur level. In 2014, after winning the Russian Cup, he was awarded the title of Master of Sports in mixed martial arts. Ismagulov is a practising Muslim and is ethnic Kazakh."
193b9d1858bc4df3,Dan Hooker,Dan Hooker,Daniel Preston Hooker (born 13 February 1990) is a New Zealand professional mixed martial artist and former kickboxer. He currently competes in the Lightweight division of the Ultimate Fighting Championship (UFC). Hooker was the King in the Ring Middleweight Kickboxing Champion and WKBF X-Rules Welterweight Champion.,"[early life] Hooker was born in Auckland, New Zealand, into a family of partial Māori (Ngāti Maniapoto) descent. He grew up playing both codes of rugby throughout his schooling and was introduced to mixed martial arts by a friend after leaving school. [early career] Hooker made his professional mixed martial arts debut in March 2009. He fought primarily in his native New Zealand and amassed a record of 10–4 before joining the Ultimate Fighting Championship.
Dan is also a professional kickboxer with a 9–1–3 record, winning the King In The Ring Middleweight Kickboxing Championship and WKBF X-Rules Welterweight Championship.
Hooker also has a 3–2 submission grappling record. On 18 October 2009 he took part in the ICNZ Contender Series 1 No-Gi Submission Wrestling Tournament. He beat Thomas Kwok and Bass Khou by guillotine choke and lost to Pumau Campbell on points. He also competed in the New Zealand 2011 No-Gi Nationals, in the Advanced under 77 kg / 170 lbs division, he beat Paul Faavaoga in the first round and lost to LJ Stevenson in the second round.
He has also competed in a heavyweight fight, for which he weighed in at 86 kg / 189 lbs, against Mark Creedy, winning by knockout in the second round. He also competed in a heavyweight tag team kickboxing match against Antz Nansen.
Hooker has been coaching MMA since 2008, spending time as head coach at City Kickboxing gym in Auckland. In mid 2018 Hooker opened his own gym Combat Academy in Ellerslie, Auckland, a gym with a full-sized boxing ring and an octagon. [personal life] Hooker ran and taught at his own gym, The Combat Academy in Auckland, New Zealand, which he has since closed to focus on his MMA career. In September 2021, Hooker announced that he was relocating to the United States due to problems he experienced with lockdown measures in New Zealand as well as obtaining a work visa to travel to the US from NZ. However, he continues to live and train out of Auckland, New Zealand.
He has one daughter, Zoe, who has featured alongside him in UFC Embedded vlogs and several of his social media posts.
On 25 October 2025, Hooker received his Black Belt in Brazilian jiu jitsu."
029eaff01e6bb8f0,Dustin Poirier,Dustin Poirier,"Dustin Poirier (born January 19, 1989)  is an American former professional mixed martial artist who competed from 2009 to 2025. He formerly competed in the Featherweight and Lightweight divisions of the Ultimate Fighting Championship (UFC), where he was an interim UFC Lightweight Champion. Poirier also challenged three times for the undisputed UFC Lightweight Championship and twice for the BMF title. Although he never captured an undisputed UFC title, Poirier is frequently cited by MMA media and fellow fighters as one of the greatest lightweights in the sport's history, as well as one of the greatest fighters never to have won an undisputed belt.
Poirier is tied with Edson Barboza for the second most Fight of the Night awards in UFC history, with 10. He has landed 1,861 career significant ","[early life and education] Poirier was born in Lafayette, Louisiana, and is of Cajun heritage. His parents split up when he was around five years old. He attended Northside High School for a short time, but he dropped out in the ninth grade because of repeatedly getting into trouble and street fights. [early career] Poirier turned professional in 2009, quickly compiled a record of 7–0, competing mostly in regional promotions across his native Louisiana and the Southern United States. Glimpses of Poirier's early MMA career in Louisiana are depicted in the documentary Fightville. [personal life] Poirier resides in Lafayette, Louisiana with his family. During his active career, he conducted training camps at American Top Team in South Florida, where he temporarily relocated ahead of fights. He is married to Jolie LeBlanc, and the couple welcomed their first child, a daughter, in 2016. In November 2025, they had a son.
Poirier got his first tattoo at the age of 14. Currently, his chest and arms are covered in tattoos, including one on his chest that reads 武士道 (bushidō), which means ""the way of warriors"" in Japanese."
64a50dad704d1d49,Edson Barboza,Edson Barboza,"Edson Mendes Barboza Júnior (born January 21, 1986) is a Brazilian and American former professional mixed martial artist, Muay Thai fighter and kickboxer. He most notably competed in the Featherweight and Lightweight divisions of the Ultimate Fighting Championship (UFC). He is a former Ring of Combat (ROC) and Renaissance MMA Lightweight Champion.","[background] Barboza comes from Nova Friburgo, Rio de Janeiro. He was born prematurely at 28 weeks and given a 50/50 chance of surviving past infancy. At the age of 8, he began practicing and competing in Muay Thai. His professional Muay Thai record is 25–3, with 22 victories by knockout and 17 first-round finishes. Barboza moved to the United States in January 2009.
Barboza's professional MMA career began in April 2009 in Tampa, Florida, with a victory over Aaron Steadman via TKO in the first round. In his next fight, in the Renaissance MMA promotion, Barboza defeated Lee King via second-round KO, winning the lightweight title. Barboza defended the belt, also against King, later that year, winning via submission in the first round. [submission grappling career] Barboza stepped in on short notice to face Sharabutdin Magomedov in a submission-only grappling match at Hype Fighting: Brazil on March 11, 2026. [personal life] Barboza and his wife, Bruna, have a son and a daughter. He has lived and trained in the United States for several years, primarily in New Jersey. He became an American citizen in 2022."
323d4ca260dfa0ba,Esteban Ribovics,Esteban Ribovics,"Esteban Ribovics Marijan
(born 27 April 1996) is an Argentine mixed martial artist who currently competes in the lightweight division of the Ultimate Fighting Championship (UFC).","[background] Ribovics was born in Salta, Argentina. He first encountered mixed martial arts at the age of 12, when his friend introduced him to it, and he took a liking to it following his first class. After finishing high school, at 17, he moved to Córdoba and began perfecting his skills, training in multiple disciplines such as boxing, muay thai, and Brazilian jiu-jitsu. He made his professional debut at age 18 with Infernales de Tartagal, in Salta. [early career] Ribovics made his professional debut on 12 December 2015, and faced Lautaro Iturbe. He won the fight via Inverted Triangle Choke in the third round. He then went 7–0 in his next 7 fights, winning all by finish.
On 10 December 2020, he faced Javier Basurto for the Fusion FC Interim Lightweight Championship. He won the bought by first-round knockout. On 12 February 2022, he fought Franco Aranda for the Samurai Fight House Lightweight Championship. He won the bout once again by first-round knockout. He then earned a Dana White's Contender Series contract in August 2022 by stopping Thomas Paull in 90 seconds."
d9a56ecb6e94f02e,Evan Elder,,,
436f970c9ea9169c,Gabriel Benitez,Gabriel Benítez,"Gabriel Benítez (born June 15, 1988) is a Mexican mixed martial artist. He was a contestant on The Ultimate Fighter: Latin America 1,  and competed in the Featherweight and Lightweight divisions of the Ultimate Fighting Championship (UFC).","[background] Benítez was born in Tijuana, Mexico and started training in mixed martial arts when he was 18 years old. [early career] Benítez started his professional MMA career in 2007, making his debut in his home country Mexico (including several fights in UWC) and he amassed a record of 16–4 prior to signing with the UFC."
99bd51917728c25d,Grant Dawson,Grant Dawson,"Grant Michael Dawson (born February 20, 1994) is an American mixed martial artist currently competing in the Lightweight division of the Ultimate Fighting Championship (UFC). As of September 5, 2026, he is #14 in the Meta UFC lightweight rankings.","[background] Dawson was born in Cambria, Wisconsin, but grew up mostly in Stromsburg, Nebraska. Initially dreaming of a career in American football, Dawson started wrestling to aid his primary sport. After realizing he wasn't good enough at American football, he dropped the sport and concentrated solely in wrestling. He was homeschooled until his teens, and attended Cross County Community School where he competed in high school wrestling, finishing his senior season with a record of 40–8. After graduating from high school but skipping college due to dyslexia, Dawson decided to pursue a career in mixed martial arts. [early career] After compiling an amateur record of 8–1, Dawson started his professional MMA career in 2014. He amassed a professional record of 11–1 prior to participating in Dana White's Contender Series."
7026eca45f65377b,Jared Gordon,Jared Gordon,"Jared Gordon (born September 6, 1988) is an American mixed martial artist. He was the lightweight champion of Duelo de Gigantes in Mexico and featherweight champion for Cage Fury Fighting Championships in the United States. He currently competes in the lightweight division of the Ultimate Fighting Championship (UFC).","[background] Gordon was born and raised in Queens, New York. The grandson of late professional boxer Sal Ferello, Gordon started boxing and wrestling at a young age and he was obsessed with MMA when he was in high school. He found an MMA school, Combined MMA, and started training BJJ. Gordon spent most of his adolescence in Westport CT attending Staples High School. In his time in Westport Gordon learned valuable skills from his uncle Oliver Barkley. Four months later, at age of 17, Gordon fought his first amateur MMA fight. He taught boxing and Muay Thai at Church Street Boxing in New York prior to turning professional. During this time, he was trained by his coach Jason Strout.
Gordon is in long-term recovery from heavy drug use. He would like to use the octagon as a platform to voice his support and give hope to those who suffer the same addiction. [early career] Gordon amassed a record of 12–1 prior joining UFC. He was the lightweight champion of Duelo de Giagantes in Mexico and featherweight champion for Cage Fury Fighting Championship in the United States."
af65aa688d13eedf,Joe Solecki,Joe Solecki,"Joe Solecki (born August 27, 1993) is an American retired professional mixed martial artist. A professional from 2016 to 2025, Solecki was most notable for his time in the Lightweight division for the Ultimate Fighting Championship (UFC).","[background] Solecki began training Brazilian Jiu-Jitsu at the age of 6. Joe states:

I got into BJJ at age 6 by accident, I wanted to do karate like the power rangers. My parents sent my brother for a year or two at first, but we ended up enrolling in a school where the instructor had begun training BJJ and he switched the entire curriculum to grappling by the time I signed up. [early career] Solecki started his professional as a pretty accomplished amateur with a 5–0 record. With all of those 5 amateur wins coming via submission or TKO. In his MMA debut at CFFC 61, he submitted Chris Rollins via rear-naked choke in the first round. Solecki also tapped out Andrew Cherico at CFFC 62 and Kevin Perez at CFFC 63, respectively. Although Joe was on an 8 fight win streak, that came to an end when he faced Cesar Balmaceda. That fight went Cesar's way via unanimous decision. He defeated Eric Calderon via TKO in round one at Warfare MMA 16. Then at CFFC 69, Solecki submitted Johnson Jajoute in the first round via rear-naked choke. He then came up against Nikolas Motta and unfortunately Solecki lost this fight via a finish. He tapped out Gilbert Patrocinio via triangle choke in round one at ROC 66. At CFFC 73, Solecki defeated Jacob Bohn via unanimous decision. In the main event of Dana White's Contender Series 19 on July 9, 2019, Solecki submitted James Wallace in the first round to pick up his sixth submission win as a professional along with a UFC contract. [professional grappling career] Solecki represented Alliance Fighting Championship at UFC Fight Pass Invitational 2 on July 3, 2022. He lost his only match against Dan Manasoiu and the team were knocked out in the opening round.
Solecki submitted Michael Porter with a guillotine choke at Fight 2 Win 248 on March 8, 2024.
Solecki competed against Peter Fazekas at Fury Pro Grappling 11 on November 2, 2024. He won the match by submission. [personal life] Solecki and his wife Kacey, have a daughter, born 2020."
58bbef3770bb2dfc,Joel Alvarez,Joel Álvarez,"Joel Álvarez González (born March 2, 1993) is a Spanish professional mixed martial artist. He currently competes in the Welterweight division of the Ultimate Fighting Championship (UFC).","[early life] Álvarez was born in Gijón, Spain, on March 2, 1993, and spent his childhood in the Polígono de Pumarín neighbourhood. When he was 18 years old, he began to practice mixed martial arts at local gym Centro Deportivo Tíbet. Later, he made his debut in several regional level tournaments. [early career] A professional competitor since 2013, Álvarez fought primarily in his native Spain and garnered a record of 15 wins against 1 loss in the first five years of his career. He was undefeated in the Spanish promotion Ansgar Fighting League (AFL), where he was the lightweight champion, after defeating Brazil's Júlio César Alves by submission in the second round."
9e8f6c728eb01124,Justin Gaethje,Justin Gaethje,"Justin Ray Gaethje ( GAY-jee; born November 14, 1988) is an American professional mixed martial artist. A professional since 2011, he competes in the lightweight division of the Ultimate Fighting Championship (UFC), where he is the current UFC Lightweight Champion. He is the first fighter in UFC history to win the interim lightweight title twice and is also a former UFC ""BMF"" titleholder. Gaethje formerly competed in the lightweight division of the World Series of Fighting (WSOF), where he was the first and only WSOF Lightweight Champion. As of June 16, 2026, he is #4 in the UFC men's pound-for-pound rankings.
Nicknamed ""the Highlight,"" five of Gaethje's bouts—against Michael Johnson, Eddie Alvarez, Dustin Poirier, Michael Chandler, and Max Holloway—have been named Fight of the Year by mul","[early life] Justin Ray Gaethje was born in Safford, Arizona, on November 14, 1988. His mother, Carolina (née Espinoza), is of Mexican descent from Naco, Sonora, and his father, John Ray Gaethje, is of German descent. His mother was a postmaster while his father was a copper miner, as were both of his grandfathers. His paternal grandfather boxed while serving in the United States Army. Gaethje's father Ray retired as a copper miner in September 2019, after 36 years working at the Morenci mine.
Gaethje has two sisters. He also has a twin brother who worked at the Morenci mine for almost ten years. When he was 18, Gaethje spent a summer himself at the Morenci mine. He said to Brett Okamoto of ESPN in 2020, ""I worked 7 days a week, 12 hours every day. I did it for 3 months straight and took one sick day, because I had to sleep. I did 96 hours one week."" Gaethje recalled that as he was about to leave the mine to go to college, two of his co-workers told him, ""You'll be right back, you ain't gonna make it in college. You'll be right back here."" This motivated Gaethje to make a success of himself. [early career] Gaethje first came into contact with mixed martial arts (MMA) as a freshman at the University of Northern Colorado, when he wrestled Ultimate Fighting Championship (UFC) fighters such as Georges St-Pierre, Clay Guida and future opponent Donald Cerrone. Afterward, he talked to his coaches about his intentions on trying out the new sport, to which he was told that he had to get his grades up in order to get an amateur bout. After improving his grades, Gaethje made his amateur debut during the pre-season of his sophomore year (08'-09') on August 2, 2008, where he scored a slam knockout on his opponent.
After amassing a 7–0 amateur record, Gaethje made his professional debut on August 20, 2011, against future UFC fighter Kevin Croom. Gaethje won the fight in the first round via KO due to a slam after Croom attempted a submission. On the regional circuit in Colorado and Arizona, Gaethje compiled an undefeated 7–0 professional record, with 6 stoppage wins. One of his early victories was over UFC veteran Drew Fickett. Gaethje won by knockout 12 seconds into the first round. [personal life] Gaethje holds a bachelor's degree in human services from the University of Northern Colorado. He has stated his intention to do social work with at-risk youth.
Gaethje underwent a photorefractive keratectomy in 2016 to correct his eyesight. He said, ""I used to be blind. I had"
ec13c393d029297d,Kaue Fernandes,,,
5b86d491d63890c5,Ludovit Klein,Ľudovít Klein,"Ľudovít Klein (born February 22, 1995) is a Slovak mixed martial artist who competes in the Lightweight division of the Ultimate Fighting Championship.","[background] Ľudovít Klein was born in Nové Zámky, where he also started his sports career. When he was about 12 years old, Klein secretly signed up for boxing training as he feared his parents' reaction. After the first training sessions he was already aware that martial arts would accompany him throughout his life. Later, the boxing club he was involved in broke up and for some time he did not know which direction to take. As he wanted to continue his hobby, he signed up for Brazilian Jiu-Jitsu training. He trained for a long time in the Thomas Bilishich Martial Arts Academy. He later added Thai boxing to his martial arts training, which is how he first heard about the amateur MMA league. Subsequently, he started to devote himself to it.
In the beginning he earned his living as a bouncer at discos, where he was often picked on because of his shorter stature. [early career] Klein joined the professional MMA as a relatively experienced amateur. After a couple of performances on smaller Slovak shows, his potential was noticed by the Slovak MMA legend Attila Végh, who brought him to his gym based on his great performances. On the domestic scene, Lajoš went undefeated in his first six fights in smaller Slovak organizations, after which he decided to go abroad.
The first match outside Slovakia did not turn out as expected. Klein lost to Igor Tarytsa at A-Fight 5 via KO. He won 2 matches in the ACB, and managed to finish both in the second round. He returned to Slovakia for one match against Moric Besztercei, which he left as the winner.
He came to the British Cage Warriors as a favorite, but he fell short, losing to Aiden Lee . He finished Lajoš in the first round via submission and Klein decided to return home to Slovakia.
With a record of 9–2, Klein transferred to Oktagon MMA. In it he fought two times, giving dominant performances and winning both fights before the limit. In the second match against Matěj Kuzník, he headlined Oktagon 5.
Subsequently, he bounced for 2 matches in the competing XFN. In both, he won the bouts comfortably, but decided to return to the Oktagon due to problems in the organization.
In the Oktagon 12 tournament, he defeated the Brazilian William Lima in the first round, followed by wins against João Paulo Rodrigues at Oktagon 14 and Łukasz Sajewski at Oktagon Prime 3, ending both subsequent matches with his signature head kick."
8c1ca54b5089d199,Maheshate,,,
849c5d9979df5357,Mateusz Rebecki,,,
dccb63727f2f5f74,Matt Frevola,Matt Frevola,"Matthew Kenneth Frevola (born June 11, 1990) is an American professional mixed martial artist currently competing in the Lightweight division of the Ultimate Fighting Championship (UFC). A professional since 2014, he has also competed for the World Series of Fighting and Titan FC.","[background] Born and raised on Long Island, New York, Frevola began competing in sports from a young age; he played football, lacrosse, wrestling, and baseball. Frevola attended Harborfields High School, where he started wrestling and also picked up Brazilian jiu-jitsu during high school. Frevola then attended the Reserve Officers' Training Corps program of University of Tampa. Frevola is a lieutenant in the United States Army Reserve. [early career] Frevola compiled an undefeated amateur record of 8–0 from 2011 to 2014, when he made his professional debut. Winning his first five professional bouts, he was selected to compete on Dana White's Contender Series 8 on August 29, 2017. Frevola defeated 7–0 Jose Flores via second-round submission and was awarded a UFC contract. [personal life] Frevola graduated from University of Tampa with a bachelor's degree in Criminology. Frevola is a member of the United States Army Reserves as an Engineer Officer."
511e82663651438d,Michael Johnson,Michael Johnson (fighter),"Michael Julian Johnson (born June 4, 1986) is an American professional mixed martial artist. Johnson currently fights in the Lightweight division of the Ultimate Fighting Championship (UFC). A professional since 2008, Johnson mostly competed in his regional circuit, before signing onto the Ultimate Fighting Championship to appear on The Ultimate Fighter: Team GSP vs. Team Koscheck, in which he was the runner-up.","[background] Johnson was born in St. Louis, Missouri, on June 4, 1986. He was raised as the youngest of three siblings. Johnson began fighting at the age of 10, after his father's fatal heart attack. The incident made Johnson want to exert his anger physically. Johnson later said, ""I lost something, a huge part of me....Fighting was my way of not dealing with my dad's passing. Now that I think of it, of course, it was the wrong thing to do, especially putting all that burden on my mom having to deal with it."" Athletic, Johnson was a three-sport varsity athlete at Marquette High School in Clarkson Valley, Missouri. Johnson later received a full scholarship to play football at Central Methodist University, but transferred after one year to Meramec Community College, where he was one of the top NJCAA wrestlers in the country. [early career] Johnson is a former Midwest Fight League and Xtreme Cage Fighting Champion who won those titles in July 2008 and October 2009, respectively. Johnson trained at Springfield Fight Club, which is an affiliate of Gracie Barra based in Springfield, Missouri. Johnson also worked there as the assistant mixed martial arts coach."
b7b84ccd221be298,Nasrat Haqparast,Nasrat Haqparast,"Mohammad Nasrat Haqparast (born August 22, 1995) is an Afghan mixed martial artist who currently competes in the Lightweight division of the Ultimate Fighting Championship (UFC).","[background] Haqparast was born in Germany to Afghan parents from Kandahar who came as refugees from Afghanistan.  He attended kickboxing classes as his parents believed he was overweight at fourteen years old. Subsequently, Haqparast joined an MMA class and decided to be an MMA fighter after witnessing a sparring session in the room next to the kickboxing class. [early career] Haqparast started his professional MMA career in 2012 and amassed a record of 8–1 before being signed by the UFC. [personal life] Haqparast was a mechanical engineering student at Hamburg University of Applied Sciences.
When Haqparast made his UFC debut, he was dubbed by several media members as a “mini” version of middleweight fighter Kelvin Gastelum due to their close physical resemblance. This has resulted in many media outlets comparing their fighting styles often.
Haqparast's mother died in September 2021, which was weeks prior to his fight at UFC 266.
Haqparast previously fought under the Afghan flag in the UFC, but revealed on his social networks that he was no longer allowed to do so. At UFC Fight Night 209, Haqparast announced that he will represent Morocco from September 3, 2022, onwards, due to training and living there."
c814b4c899793af6,Rafael Fiziev,Rafael Fiziev,"Rafael Fiziev (born March 5, 1993) is an Azerbaijani professional mixed martial artist and former Muay Thai fighter. He currently competes in the Lightweight division of the Ultimate Fighting Championship (UFC).  As of September 5, 2026, he is #12 in the Meta UFC lightweight rankings.","[early life] Fiziev was born in Korday, Kazakhstan, to an Azerbaijani father who was an undercover police officer and a Russian mother. When he was a child, Fiziev's family moved to Bishkek, Kyrgyzstan.
When he was a child, Fiziev's father bought him and his cousins boxing gloves and told them to spar. Initially, he did not enjoy sparring, and it was not until he changed schools that Fiziev took up Muay Thai at the age of 11 due to being bullied. While he concentrated on Muay Thai growing up, he also took up several other combat sports including combat sambo, boxing, Jiu Jitsu, and wrestling. When switching from Muay Thai to MMA, he says learning the grappling was the toughest part but his striking and standup required adjusting as well.
Fiziev worked as an undercover police officer but resigned after realising he would not make it to the level he wanted to. As a poor Muay Thai fighter in Thailand, he would attend Buddhist temples to survive off of bananas and pineapples. [muay thai career] On April 29, 2016, Fiziev participated in the Toyota Marathon Tournament. In the quarter-finals he defeated Ruslan Rybakov by decision. In the semi-finals he knocked out Phakhow Darbphong 191. In Final he faced Sorgraw Petchyindee Academy who defeated him by decision.
Fiziev entered the 2017 Toyota Marathon 154 lb tournament as well, defeating Detrit Sathian Gym by decision in the semifinal. In the final he rematched Sorgraw Petchyindee Academy. He lost again by decision but went viral on social media in the process due to the impressive lean back defensive technique he displayed.
On April 21, 2017, Fiziev faced former Lumpinee Stadium champion Yodpayak Sitsongpeenong at a Muay Xtreme event in Bangkok, Thailand. Fiziev won the fight by knockout in the second round.
On September 22, 2017, Fiziev faced Leyton Collimore at Phoenix FC 3 in London, England. He was defeated by unanimous decision. [early career] Fiziev made his professional MMA debut in 2015. He fought in Asian regional promotions such as ROAD FC and the American promotion Titan FC before he signed with UFC, achieving an undefeated 6-0 record. [personal life] Outside of fighting, Fiziev enjoys blacksmithing with an emphasis on cold steel arms. Fiziev is a devout Shia Muslim and his walkout song is a Latmiya.
In 2021, Fiziev revealed he would no longer be representing his home country of Kyrgyzstan during his UFC bouts due to the country's religious discrimination of Shia Muslims. He has since made Phuket, Thai"
b6452706b373eea1,Renato Moicano,Renato Moicano,"Renato Alves Carneiro (born May 21, 1989), known as Renato Moicano, is a Brazilian professional mixed martial artist. He currently competes in the Lightweight division of the Ultimate Fighting Championship (UFC). A professional since 2010, Moicano made a name for himself fighting all over his home country of Brazil, and is the former interim Jungle Fight Featherweight Champion. As of June 20, 2026, he is #7 in the Meta UFC lightweight rankings.
Moicano is known for his outspoken libertarian activism, inspired by taxes on his UFC winnings, promoting Austrian economics, Bitcoin as protection against financial instability, and core U.S. constitutional liberties.","[background] Born in Brazil, Carneiro started training judo at the age of eight. He attended university in order to become a lawyer, but dropped out after two years to pursue a career in mixed martial arts.
In an interview, Moicano stated that his nickname ""Moicano"" means mohawk in Portuguese and that the nickname was given to him when he had a mohawk while training in Brazilian jiu-jitsu. [professional grappling career] Moicano defeated Chase Hooper via unanimous decision at Fury Pro Grappling 3 on December 30, 2021.
Moicano faced Cristian Guzman in the co-main event of UFC Fight Pass Invitational 7 on May 15, 2024. He won the match on points. [personal life] Moicano and his wife have a son (b. 2020). Moicano started referring to himself as ""Money"" in November 2022 after his UFC 281 post-fight speech.
Moicano has attracted attention for his outspoken support of Austrian economics. In 2024 his UFC shoutout of Ludwig von Mises became a viral video. He has said that taxes on his UFC winnings led to his economic study and activism. Moicano postulated his love and commitment to the libertarian values of the foundations of the United States, such as the Constitution, its First Amendment, freedom to bear arms and the right to private property. His advocacy for Bitcoin was highlighted by Fox Business in 2024, where Moicano framed cryptocurrency as a safeguard against financial instability. Later in 2024, he spoke negatively about French president Emmanuel Macron, globalists, and democracy in a victory speech in Paris; advising the audience to read the libertarian book Democracy: The God That Failed by Hans-Hermann Hoppe."
37c5366d18ed6c05,Roosevelt Roberts,Roosevelt Roberts,"Roosevelt Roberts (born February 11, 1994) is an American mixed martial artist (MMA) who competed in the Lightweight division in the Ultimate Fighting Championship (UFC).","[background] Roberts was born in Miami, Florida in 1994. After his mother left the family due to domestic violence, Roberts began living with friends and family members whenever they could take him in. Roberts began selling drugs and stealing to support himself. As a result, he ended up in a youth correctional facility in San Francisco, California for a year. Roberts started to turn his life around at 19 years old when his daughter was born and started training in MMA. He took his first amateur fight in 2014 and turned professional in 2016. Roberts trains at Adrenaline MMA in San Bernardino under head coach Adam Rothwieler and at Carlson Gracie Temecula under Brazilian jiu-jitsu coach Tom Cronin. [early career and appearance on dana white's contender series] After a 6–1 amateur career, Roberts started his professional MMA career in 2016. He amassed a record of 5–0 prior to his appearance on Dana White's Contender Series 15 web-series program on July 21, 2018, where he faced Garrett Gross. He won the fight via a submission in the second round and was signed by UFC. [personal life] Roosevelt has two children."
809bd1a871491508,Terrance McKinney,Terrance McKinney,"Terrance Kitarius McKinney (born September 15, 1994) is an American professional mixed martial artist who currently competes in the lightweight division of the Ultimate Fighting Championship (UFC). A professional since 2017, McKinney also competed for Legacy Fighting Alliance (LFA).","[background] McKinney was born to and raised by his mother Kitara Johnson, a former gang member. McKinney and his family moved to a military base in Germany, where he was picked on due to being small, and after relocating to Davenport, Washington once his mother joined the US Army, he was picked on for being black. McKinney eventually ended up at Spokane, Washington in 2007, where he took up wrestling.
During his high school years, McKinney was a standout high school wrestler, becoming a two-time WIAA state champion out of Shadle Park High School and a Fargo All-American in freestyle. The sixth-ranked senior recruit in the country, McKinney considered skipping college wrestling to jump into MMA, a sport he had decided to pursue as a freshman, but went on to wrestle at North Idaho College, where he went 31–11 and was the top-ranked athlete during his first year in junior college ('13–'14). After a quick stint at NIC, he transferred to Chadron State College and redshirted during '14–'15.
During the summer of 2015, McKinney was extremely intoxicated after abusing LSD, psilocybin mushrooms and alcohol, and the friends he was partying with called the police and left the scene. Once police found him covered in blood (after cutting his neck with glass) and experiencing excited delirium, McKinney was transported to the hospital. In the ambulance, his heart beat stopped and died twice, though he was resuscitated twice as well. In return to the police officers who saved his life, McKinney served as a leader for the Youth Police Initiative. Referring to the incident years later, McKinney expressed:

“I was so embarrassed, to be honest, I was really disappointed in myself. Just seeing my mom’s face in tears. She could have lost me forever, and I’m her first born. That was a huge game changer for me. Seeing my family members crying and sad. Just seeing that inspired me to make a change. I tried to be around them every day, and I still feel they’re hurt. That pushes me to be the man I am today.”
McKinney was not kicked off the wrestling team and went on to be ranked as high as second in the nation in the NCAA Division II level during the 2015–16 season, before transferring to Notre Dame College and dropping out after one semester in order to pursue mixed martial arts. [early career] After ending his college wrestling career, McKinney made his amateur mixed martial arts debut in August 2016, winning by knockout fifteen seconds into the first round. A year later, he would"
6c3b2525436cf5d4,Tom Nolan,Tom Nolan (fighter),"Thomas Joseph Nolan (born 8 March 2000) is an Australian professional mixed martial artist. He currently competes in the lightweight division of the Ultimate Fighting Championship (UFC). As of 3 August 2026, he is #11 in the Meta UFC lightweight rankings.","[early life] Nolan was born on 8 March 2000, and is from Toowoomba, Queensland, Australia. He grew up playing rugby league, and his brother had tryouts with National Rugby League (NRL) teams. Nolan played for the Toowoomba Clydesdales and was a tearaway backrower. To become a better defender in rugby, he started training in wrestling and jujutsu, later competing in mixed martial arts events. After three MMA fights, Nolan decided at the age of 15 to focus on MMA instead of rugby. [early career] Nolan began his MMA career as an amateur, compiling a record of eight wins and one loss. Trained by Elijah Kennedy and Zac Talbot in Toowoomba, and a member of the Integrated Martial Arts Gym, Nolan was a two-time champion of the XFC Australia promotion and also competed under Eternal MMA during his amateur career. He was also employed by the plumbing business run by his brother, Luke.
Nolan made his professional debut on December 12, 2020, at XFC 46, defeating Sam Flint by unanimous decision. His next fight was at Eternal MMA 63, against Trevor Sinclair, on November 20, 2021. Nolan won by unanimous decision. He followed it by three more wins under the Eternal MMA promotion, all by technical knockout (TKO) and two in the first round."
22a92d7f62195791,Tony Ferguson,Tony Ferguson,"Anthony Armand Ferguson Padilla (born February 12, 1984) is an American professional mixed martial artist and professional boxer, and is the current MFB Middleweight Champion. As a mixed martial artist, he is a former Interim UFC Lightweight Champion. A professional since 2008, he was signed to the UFC from his The Ultimate Fighter 13 win in 2011 until his departure in 2024. He is regarded as one of the greatest fighters never to have won an undisputed belt.","[early life and education] Ferguson was born in Oxnard, California, on February 12, 1984, but grew up mainly in Muskegon, Michigan. He is of Mexican heritage. His surname of Ferguson comes from his Scottish American stepfather.
Ferguson was a three-sport athlete at Muskegon Catholic Central High School in American football, baseball, and wrestling. He was a starting defensive back for the 2000 Division 8 state football champions and was a three-time All-State selection in wrestling, winning the 152-lb division in 2002.
After high school, Ferguson enrolled at Central Michigan University before transferring to Grand Valley State University. He also did a stint at Muskegon Community College. He did not complete his degree, but had a successful collegiate wrestling career, winning the 2006 National Collegiate Wrestling Association national wrestling championship in the 165-lb division.
Following college, Ferguson moved back to California to be closer to his extended family, working in marketing and sales during the day and picking up shifts as a bartender at night. One night, while working a bar shift, a patron noticed Ferguson's cauliflower ear and struck up a conversation about his wrestling background. The patron was a trainer at a local MMA gym and invited him to work with some young mixed martial artists on their wrestling. Shortly after this, he decided to pursue a professional mixed martial arts (MMA) career. [early career] Ferguson began his professional MMA career fighting in small organizations around California in 2007. Notable matches in his early career include a win over kickboxing champion Joe Schilling and a loss to future World Extreme Cagefighting (WEC) fighter Karen Darabedyan. [boxing career] In January 2025, Ferguson was among names for a potential boxing bout against English megastar KSI after his bout with English footballer Wayne Bridge fell through. Ferguson revealed he turned down the offer to face Dillon Danis on the then announced GFL event in May. [freestyle wrestling career] Ferguson signed with Real American Freestyle (RAF) on April 30, 2026.
He lost to Arman Tsarukyan by technical fall in the co-main event of RAF 10 on June 13, 2026. [personal life] Ferguson has two sons with his wife, Cristina Ferguson. In March 2019, Cristina filed a temporary restraining order against Tony in Orange County, California, alleging uncharacteristic behavior including severe paranoia, prolonged sleep deprivation, destruction of their home fireplac"
0bc697c5936a2d0a,Trevor Peek,,,
19c591115a58982c,Viacheslav Borshchev,,,
eae431e70064e046,Abdul Razak Alhassan,Abdul Razak Alhassan,"Abdul Razak Alhassan (born August 11, 1985) is a Ghanaian mixed martial artist who competed in the welterweight division of the Ultimate Fighting Championship (UFC). A professional since 2013, he formerly fought in Bellator and Legacy Fighting Championship.","[early career] After training and competing in judo for 22 years and earning his black belt, Alhassan transitioned to mixed martial arts. He made his professional debut in 2013, winning via TKO in just 25 seconds. Alhassan then compiled an overall record of 6–0 before being signed by the UFC. [personal life] Alhassan and his wife have a son and a daughter."
886264a0c9f4ea5e,Andre Muniz,André Muniz,"André Muniz de Aguiar (born February 17, 1990) is a Brazilian professional mixed martial artist who last competed in the Middleweight division of the Ultimate Fighting Championship.","[background] Born in Montes Claros, Minas Gerais, Muniz was a very active teenager, which made his mother sign him up for Jiu-Jitsu classes to see if he could get calmer and more disciplined. It worked, Muniz fell in love with martial arts, and started practicing Muay Thai too. His first competition happened when he was 15 years old, a white belt championship in Montes Claros. He began practicing MMA at the age of 19, when he asked his teacher at the time to schedule a fight for him.
Muniz attended Faculdades Unidas do Norte de Minas, from where he graduated with bachelor's degree in physical education with honors. [early career] Muniz started his career travelling back and forth between his hometown and  Rio de Janeiro, training with the likes of  Thiago Santos and Luis Henrique at Tata Fight Team, and earning extra money on the side as a personal trainer to make ends meet in between fights. Starting off with a decision win over former PRIDE star and WEC middleweight champion Paulo Filho at the Bitetti Combat 19 event on February 6, 2014, Muniz would go on to win 10 out of the next 11 bouts between 2014 and 2018, culminating in being offered a chance on Dana White's Contender Series. [personal life] Muniz is the father of two daughters. In a December 2021 interview with Sherdog, Muniz said that he used the bonus money that he won for his performance against Bartosz Fabinski at UFC Fight Night: Overeem vs. Sakai to purchase a plot of land where he plans to build a home for his family."
5f61780fe5e9b6d0,Andre Petroski,Andre Petroski,"Andre Petroski (born June 12, 1991) is an American mixed martial artist who competes in the Middleweight division of the Ultimate Fighting Championship.","[background] Having wrestled since he was four years old, Petroski was a three-time state qualifier at Springfield High School. He then attended University of North Carolina at Chapel Hill for two years, transferred to Bloomsburg University of Pennsylvania and finalized his college career in Kutztown University of Pennsylvania, majoring in communications. While waiting for graduation, Petroski started training Brazilian jiu-jitsu and fell in love with the art.
Petroski battled a heroin addiction, before going clean in 2018. [early career] Petroski started training mixed martial arts in late 2015, took his first amateur bout in the following January and eventually turned pro in 2018. Making his professional debut at Art Of War Cage Fighting 8,  Petroski faced Mark Krumine and went on win the bout via TKO in the first round. After winning his next two bout via first round submission, at Art Of War Cage Fighting 15, he faced Shedrick Goodridge for the AOW Middleweight Championship, winning via TKO in the second round. Petroski defended his title once against Andre Hall at AOW 16, before headlining LFA 93 against Aaron Jeffrey. He lost the first bout of his professional career, getting finished late in the second round.
Racking up a 5–1 record with a regional championship, Petroski was announced to be participating The Ultimate Fighter season 29 middleweight tournament. [professional grappling career] Petroski was booked to compete against 10th Planet Jiu Jitsu black belt Rene Sousa in a superfight at Fury Pro Grappling 7 on May 27, 2023. He lost the match by submission, a straight ankle-lock.
Petroski competed against Alex Myers at Fury Pro Grappling 10 on May 24, 2024. He won the match by golden score in overtime.
Petroski competed against Pat Downey in the co-main event of Fury Pro Grappling 12 on December 28, 2024. He lost the match by golden score in overtime. [personal life] Petroski has a daughter.
He has a tattoo of a hammer and sickle which pays homage to his great grandfather who hailed from the Soviet Union. He has stated that he's not a communist and that the hammer and sickle once had a different meaning before the symbol was appropriated by communists. Andre previously battled with heroin and opiate addiction and he’s been open about his struggles."
35673bf5204524ee,Bo Nickal,Bo Nickal,"Bo Dean Nickal (born January 14, 1996) is an American professional mixed martial artist, freestyle wrestler, and graduated folkstyle wrestler who currently competes in the middleweight division of the Ultimate Fighting Championship (UFC). He also competes in the light heavyweight division of Real American Freestyle (RAF), where he was the inaugural RAF Light Heavyweight Champion. As of August 8, 2026, he is #13 in the Meta UFC middleweight rankings.
In freestyle wrestling, he claimed the 2019 U23 World Championship and the US Open national championship, and was a finalist at the 2020 US Olympic Team Trials and a Final X contestant in 2019. As a collegiate wrestler, Nickal was a three-time NCAA Division I national champion (finalist in 2016) and a three-time Big Ten Conference champion out ","[background and high school] Nickal was born in Rifle, Colorado, but moved to Wyoming at a young age, where he started wrestling around five or six years old. In fifth grade, he moved to Rio Rancho, New Mexico. Nickal made the varsity high school team while in eighth grade and placed second at the New Mexico state tournament that same season.
As a high school freshman, he moved once again, now to Allen High School in Allen, Texas. He placed second at the Texas state tournament his freshman year, and then won every state tournament he competed in from his sophomore-year onward, becoming a three-time Texas state champion. As a junior, he placed fifth at the 2013 U17 World Championships in freestyle. After finishing his junior year, Nickal committed to wrestle as a Nittany Lion at the Pennsylvania State University. He graduated from high school with a 183–7 record, including 131 pins, and was the pound-for-pound ninth-ranked wrestler in the nation. [early career] On November 10, 2019, it was announced that Nickal had signed an MMA management deal with First Round Management, expecting to make the transition to the sport. It was also announced that Nickal had serious plans on partnering with Dan Lambert and opening a new American Top Team facility at Pleasant Gap, Pennsylvania. The building process started on October 23, 2020, and the gym became active on July 2, 2021.
After the 2020 US Olympic Trials for wrestling, Nickal made his amateur mixed martial arts debut against David Conley on September 24, 2021, winning via arm-triangle choke submission in round one. In his next bout, Nickal scored a one-punch knockout over Billy Goode on November 5, 2021.
Nickal made his professional MMA debut in the middleweight division against John Noland on June 3, 2022, at the Greater Richmond Convention Center in Richmond, Virginia as part of Jorge Masvidal's iKon FC event. Nickal won the fight via knockout less than a minute into the first round. [submission grappling career] Nickal competed in the first submission grappling match of his combat sports career at Third Coast Grappling 3 on December 7, 2019, when he faced Gordon Ryan in the main event. Nickal was submitted with a triangle choke.
Nickal represented iKon FC in a team grappling tournament at UFC Fight Pass Invitational 2 on July 3, 2022. He fought Eliot Kelly to a draw in the opening round and fought Oliver Taza to a draw in the final, with iKon FC taking second place in the tournament. [personal life] Nickal is "
0c6d9ea8306c029e,Brad Tavares,Brad Tavares,"Bradley Kaipo Sarbida Tavares (born December 21, 1987) is an American professional mixed martial artist who competes in the Middleweight division of the Ultimate Fighting Championship (UFC). A professional since 2007, Tavares fought in regional promotions before joining the UFC's The Ultimate Fighter 11 in 2010.","[high school career] Tavares excelled in high school athletics at Waiakea High School competing in football and in track and field. After high school, he worked as a ramp agent for Hawaiian Airlines. He was 19 when he first fought as a professional. [early career] Tavares started his MMA career in 2007 in his home state of Hawaii, compiling a record of 5–0, with three technical knockouts and two submission wins. He originally started training with Universal Combat Sports in Pearl City, Hawaii, where he competed In Got Skills, then fought his first MMA match in Farrington High School in Kalihi where he got a first-round KO, there he got approached by MMAD to train there, MMAD (Mixed Martial Arts Development) ran by the likes of Randy Leuder, Brandon Wolff (UFC), and Rob Hesia. He still returns home to Hawaii to train with HQ MMA when not training at Xtreme Couture in Las Vegas."
12ebd7d157e91701,Bruno Silva,Bruno Silva (fighter),"Bruno Arruda da Silva (born July 13, 1989) is a Brazilian professional mixed martial artist who competed in the Middleweight division of the Ultimate Fighting Championship (UFC). He is a former M-1 Global Middleweight Champion.","[background] Silva started training in 2009 and after three months, he had his first fight. At first, it was out of curiosity because in the interior of Paraíba there was not much of a fighting culture, but after three months of training, Silva lost his father and fighting was a therapy. [early career] Upon turning pro in 2010 up until 2012, Silva went just 6-5 in 11 contests. Silva racked up a record of 9–5 in Brazilian regional circuit before trying out for The Ultimate Fighter: Brazil 3 in 2013. “Blindado” then rattled off 14 wins in his last 16 outings. Silva lived in the northeast of Brazil, in a very small city that had no MMA structure, having to work in other professions. Silva credited his turn around to dedicating himself to his athletic career after 2012. [personal life] Silva and his fiancée have a daughter."
64d47ef881a437a4,Cesar Almeida,,,
5442f1bc4b47eaf3,Chris Curtis,Chris Curtis (fighter),"Christopher Alan Curtis (born July 15, 1987) is an American professional mixed martial artist and former boxer. He currently competes in the Welterweight division of the Ultimate Fighting Championship (UFC). A professional since 2009, he has also competed for the Professional Fighters League (PFL).","[early life] Curtis was born and grew up in Cincinnati, Ohio. He has a sister and a brother. Despite aspirations of becoming a lawyer, he dropped out of school in pursuit of a career in mixed martial arts. [early career] Curtis amassed a record of 18–5 in the North American regional circuit while capturing Welterweight Championships in CES MMA, Z Promotions and Premier MMA Championship. [personal life] Curtis has a son (born 2007) from a previous relationship. Curtis and his current spouse had their first child in October 2023."
0112352cb32f5026,Denis Tiuliulin,,,
0d7b51c9d2649a6e,Dricus Du Plessis,Dricus du Plessis,"Dricus du Plessis (born 14 January 1994), also known by his initials DDP, is a South African professional mixed martial artist. He currently competes in the Middleweight division of the Ultimate Fighting Championship (UFC), where he is a former UFC Middleweight Champion. He is the first South African to win a UFC championship. As of 19 August 2025, he is #2 in the Meta UFC middleweight rankings. Outside of the UFC, du Plessis is also the former Welterweight and Middleweight Extreme Fighting Championship (EFC) Champion, and the former Konfrontacja Sztuk Walki (KSW) Welterweight Champion.","[background] Dricus du Plessis was born on 14 January 1994 in Welkom, South Africa. He is an Afrikaner. Du Plessis began training in judo at the age of five, followed by wrestling at twelve, then kickboxing at fourteen. In 2012, at 17 years old, du Plessis became South Africa's first ever medalist at the WAKO World Championships by winning gold in K-1 style kickboxing, but decided to transition to mixed martial arts after realising there was not as much money in kickboxing. Along with martial arts, du Plessis also played rugby throughout his schooling years, and has since been a vocal supporter of the Springboks, South Africa's national rugby team. He attended the University of Pretoria, where he studied agricultural economics but dropped out during the final year in order to pursue a career in mixed martial arts. [personal life] Du Plessis is bilingual; he speaks English and Afrikaans.
In April 2023, du Plessis underwent surgery to fix a breathing impairment in his nose. According to his coach Morne Visser, du Plessis had been competing in the UFC with ""only 8% oxygen"" intake through his nostrils. The surgery was originally scheduled for 2020 but was put on hold after du Plessis signed with the UFC. In 2024, it was revealed that Visser would use a taser on du Plessis and other fighters' feet as a training method, using the electric shock as punishment for underperformance in the gym.
In February 2025, du Plessis stated at a press conference that the re-election of Donald Trump in the United States was ""incredible"", calling him ""an amazing president"". Du Plessis additionally lauded ""fellow South African Elon Musk for also doing the right thing"".
Du Plessis proposed to his fiancée Vasti Spiller on 14 January 2025, his 31st birthday."
cad24459b28592ca,Eryk Anders,Eryk Anders,"Eryk Anders (born April 21, 1987) is an American former professional mixed martial artist and American football linebacker. He competed in the Middleweight division of the UFC. He played college football at the University of Alabama.","[early life] Eryk Anders was born on a U.S. Air Force base in the Philippines, where his mother was stationed at the time. When Anders was a sophomore in high school he moved to San Antonio, Texas, where he played football for Smithson Valley High School. [football career] After graduating from Smithson Valley High School, Anders started at the University of Alabama in 2006. From 2006 to 2009, Anders played for the Crimson Tide as a linebacker, starting 14 games in his senior season. His career at Alabama culminated with a victory in the 2009 BCS National Championship against the Texas Longhorns, a game in which he led the Crimson Tide with seven tackles and a forced fumble.
After college he signed a contract with the Cleveland Browns of the NFL. He also had stints in the Canadian Football League and the Arena Football League before beginning a career in mixed martial arts.
During his MMA career, Anders kept in touch with football coach Nick Saban. Eryk valued having the coach as a life-coach, helping guide Anders through life's challenges, as well as being financially responsible. [early career] Anders began his mixed martial arts career in 2012 as an amateur, participating in 22 amateur bouts, although his official record is listed as 13-3-1 before his professional debut against Josh Rasberry on August 22, 2015, for Strike Hard Productions. He defeated Rasberry in just 40 seconds via TKO.
In his second professional fight, Anders defeated Demarcus Sharpe by unanimous decision.
Anders defeated Garrick James by TKO.
Anders next defeated Dekaire Sanders by submission via rear naked choke.
For his fifth professional fight he defeated Jesse Grun via TKO due to punches. [professional grappling career] Anders competed against Kyle Daukaus at Fury Pro Grappling 8 on December 30, 2023. He won the match by decision.
Anders competed against Charles Radtke at Fury Pro Grappling 9 on April 4, 2024. Anders won the match by golden score in overtime.
Anders competed against Luke Fernandez at Fury Pro Grappling 10 on May 24, 2024. He lost the match by golden score in overtime. [personal life] Anders is married with two sons. [entertainment career] In 2022, Anders made his acting debut as the MMA fighter Vicente ""The Wolf"" Gonzales in the second episode of season 5 of the Netflix series Cobra Kai."
b12fb759e02378de,Gilbert Urbina,,,
6a96ad1bc34fb113,Ismail Naurdiev,Ismail Naurdiev,Ismail Naurdiev (Russian: Исмаил Наурдиев; born 18 August 1996) is an Austrian and Moroccan mixed martial artist who currently competes in the Middleweight division of the Ultimate Fighting Championship (UFC). He formerly competed in the Super Welterweight division of Brave Combat Federation and Absolute Championship Berkut (ACB).,"[early life] Naurdiev was born in Grozny, Chechnya, Russia and his family left the war-torn city and moved to Austria in 2004 for a safe and better life. He started training in wrestling and transitioned to MMA when he was a teenager. At the beginning of his MMA professional career, Naurdiev did not have any trainers or sparring partners but would accept every fight offered to him for experience.

Yes, [I have] only Austrian [citizenship]. I speak to the UFC only to fight under the flag of Austria, because this country has given me everything. I give them credit. I feel good in Austria, but I do not forget my roots. [early career] Naurdiev fought in the European-based promotions, notably Absolute Championship Akhmat (ACA), formally known as Absolute Championship Berkut (ACB), and amassed a record of 17–2 prior to joining UFC. [post-ufc career] On 24 August 2020, news surfaced that Naurdiev had signed with Elite MMA Championship and was expected to make his promotional debut in the promotion's welterweight grand prix at EMC 5 on 5 September 2020. He faced Tymoteusz Łopaczyk and won the fight via unanimous decision, advancing to the grand prix final.
In the final, Naurdiev was expected to face Amiran Gogoladze at EMC 6 on 31 October 2020. However, Naurdiev withdrew from the bout due to an injury prior to the whole event being postponed due to the COVID-19 pandemic. [personal life] Naurdiev earned his moniker ""The Austrian Wonderboy"" due to his flashy, stylist and wild spinning kicks skills."
1338e2c7480bdf9e,Israel Adesanya,Israel Adesanya,"Israel Mobolaji Temitayo Odunayo Oluwafemi Owolabi Adesanya (born 22 July 1989) is a Nigerian-New Zealander professional mixed martial artist, former kickboxer, and boxer. As a mixed martial artist, he currently competes in the Middleweight division of the Ultimate Fighting Championship (UFC), where he is a former two-time UFC Middleweight Champion. In kickboxing, he is a former Glory Middleweight Championship title challenger. As of 22 August 2026, he is #10 in the Meta UFC middleweight rankings.","[early life and background] Adesanya was born in Lagos, Nigeria, the eldest of five children. His father, Oluwafemi, is an accountant and his mother, Taiwo, is a nurse. He is ethnic Yoruba. Adesanya attended Chrisland School, Opebi, and enrolled in its Taekwondo after-school club until he was removed by his mother due to an injury.
In 1999, he relocated to Ghana with his family for 10 months, but due to his parents wanting their children to receive a well-recognised higher education, he settled in Rotorua, New Zealand, at age 10 and attended Rotorua Boys' High School. Adesanya was not interested in sports during high school; instead he was interested in Japanese anime such as Death Note and the manga series Naruto. Adesanya was bullied during his high school years and attributes his decision to pursue martial arts later in life to the mistreatment he experienced. Adesanya's first exposure to fighting and an early influence on him was watching the British boxer Prince Naseem Hamed. He stated that in an interview, ""I remember watching him, mesmerized at what I saw, how we came to the ring and did that flip. That was one of my earliest memories of showmanship.""
Following high school graduation, Adesanya enrolled in a Bachelor of Science in Computer Design at the Universal College of Learning in Whanganui. At the age of 18, he started training in kickboxing, after being inspired by the Muay Thai film Ong-Bak. Two years later Adesanya made the decision to cease his studies in pursuit of a career in kickboxing and went on to amass an amateur record of 32–1 before turning professional and fighting in China. At the age of 21, Adesanya moved to Auckland, New Zealand, and began training in mixed martial arts under Eugene Bareman at City Kickboxing, with future UFC fighters such as Dan Hooker, Kai Kara-France and UFC Featherweight Champion Alexander Volkanovski. He trains in wrestling under the Romanian New Zealander Andrei Păuleț. [early career] Adesanya made his professional debut in 2012, with a TKO win against James Griffiths. He scored another TKO win against John Vake, before taking a two-year hiatus from mixed martial arts. He returned to MMA in August 2015, when he won the fight against Song Kenan by TKO. He went on to amass an 8–0 record, fighting mostly in Oceanian and Chinese circuits. During this run, he won the AFC Middleweight Championship at Australia Fighting Championship 20 with a first-round TKO over Melvin Guillard, as well as the Hex Fight Series "
d0e1b42d41dab603,Julian Marquez,Julian Marquez,"Julian Marquez (born May 8, 1990) is an American professional mixed martial artist who competed in the Middleweight division of the Ultimate Fighting Championship.","[background] Marquez was born and raised in Kansas City, Missouri, and has a brother, Antonio. He played violin and sang in a choir prior to moving to Kearney, Missouri with his mother. It was in the middle school in Kearney, where the troubled Marquez was put in wrestling at his father's behest to learn discipline. Marquez continued wrestling during his attendance in Missouri Valley College before starting mixed martial arts training at the age of 20. [early career] Julian Marquez began his professional mixed martial arts career in may of 2014, defeating his opponent Charles Rooks by TKO in just 53 seconds. More than one year later he compiled his second career win. On the 26th February 2016 Marquez suffered his first loss at Bellator 150. After three rounds his opponent Chris Harris was given the unanimous decision win. Julian Marquez went on to win his next three fights in a row including a win over UFC veteran Matt Hamill before debuting in the UFC. [personal life] Marquez is of Cuban descent through his father, who inspired his nickname. He has a podcast, “Beauty and the Beast”, with pornographic actress Kendra Lust."
841695e02c99a521,Mansur Abdul-Malik,,,
8e9eb3fc86db0f7d,Marc-Andre Barriault,Marc-André Barriault,"Marc-André Barriault (born February 18, 1990) is a Canadian mixed martial arts (MMA) fighter who is currently signed to the Ultimate Fighting Championship's (UFC) Middleweight division. He previously competed with TKO Major League MMA where he won the TKO Middleweight Championship and the TKO Light Heavyweight Championship.","[background] Barriault was born and raised in Gatineau, Quebec, Canada. He moved to Quebec City in 2011 to study. During this time he earned a DEC in dietetics and two culinary diplomas. He is of French descent. [early career] Barriault began competing in amateur mixed martial arts in 2012 under the tutelage of Sifu Patrick Marcil and finished with a record of 4–3. He also competed in FightQuest Amateur Combat in 2014 where he twice challenged for the FightQuest Middleweight Championship as well as the Vacant Hybrid Combat Middleweight Championship. After going professional in 2014 he competed in smaller promotions earning himself an impressive record of 11–1, During this time he managed to capture three championships in two different promotions (TKO Major League MMA, Hybrid Combat). Having previously won both the TKO Middleweight and Light Heavyweight Championships when he was invited to sign with the Ultimate Fighting Championship in 2019. [personal life] Barriault is married to his wife Bianka. He enjoys cooking and worked as a cook in Canada until 2021, when he moved to Florida to pursue his MMA career further."
49d2a08964c5eb11,Nursulton Ruziboev,Nursulton Ruziboev,"Nursulton Dilshodbek Ugli Ruziboev (born November 19, 1993) is an Uzbek professional mixed martial artist and boxer who currently competes in the Welterweight and Middleweight divisions of the Ultimate Fighting Championship (UFC). As of August 8, 2026, he is #15 in the Meta UFC middleweight rankings.","[background] Ruziboev was born on November 19, 1993, in Shahrixon, in the Andijan Region of Uzbekistan. He has two brothers and one sister. His brother, Mashrabjon Ruziboev, is also a professional mixed martial artist.
Starting at age 7-8, he began training in karate, and during his youth, he also trained combat sambo. Ruziboev began training mixed martial arts at the age of 16. In 2012, he left the country for Russia, where he worked to support his family. In 2013, he returned to Uzbekistan to participate in hand-to-hand combat tournaments. Ruziboev also earned a master's degree from Uzbekistan National University. [early career] In 2014, Ruziboev began his professional career in Kazakhstan's Alash Pride organization. He has fought under prominent organizations such as Brave Combat Federation, Absolute Championship Berkut, and Fight Nights Global. Ruziboev is a former Middlewight Champion of the Open Fighting Championship and WEF Global."
2e5c2aa8e4ab9d82,Paulo Costa,Paulo Costa,"Paulo Henrique Costa (born 21 April 1991) is a Brazilian professional mixed martial artist. He currently competes in the Light Heavyweight division of the Ultimate Fighting Championship (UFC). As of 20 June 2026, he is #4 in the Meta UFC light heavyweight rankings.","[background] Costa, the son of odd-jobber Carlos Roberto and Maria Augusta, was born in 1991. He has an older brother, Carlos Costa, who is a former mixed martial artist and one of Paulo's coaches. Paulo grew up in Contagem playing football and eventually picked up Muay Thai at the age of nine in order to learn discipline and avoid street fights he was constantly getting into. As a teenager, Paulo joined a jiu-jitsu gym with his brother only to quit the sport after their father died of throat cancer when Paulo was 17. A couple of years later, Costa returned to jiu-jitsu and started competing under the tutelage of his brother who was already a purple belt at the time.
In order to help his mother with bills, Costa worked in real estate and as an IT teacher, teaching Microsoft Word and Microsoft Excel. [early career] Costa made his professional MMA debut in his native country of Brazil in February 2012. Eventually, his brother convinced their mother to support Paulo monetarily for a year in order to pursue his professional martial arts career. Over the next five years, he amassed a record of 8–0 with 7 knockouts and 1 submission."
547afe1017e72dbe,Phil Hawes,Phil Hawes,"Philip Nicholas Fitzgerald Hawes (born January 8, 1989) is an American mixed martial artist who last competed in the Middleweight division of the Ultimate Fighting Championship.","[background] Hawes started out as a standout wrestler, winning a national 197 lb junior-college wrestling title at Iowa Central Community College, then moving onto Division I Iowa State, where he graduated with a degree in sociology. [early career] After compiling a 4-0 amateur record, Hawes made his professional debut in 2014. [dirty boxing career] Hawes made his debut with Mike Perry's ""Dirty Boxing Championships"" at Dirty Boxing Championship 2 on June 14, 2025. He faced Sasha Palatnikov, losing via disqualification in the first round, due to repeated eye pokes.
Hawes faced Sergei Martynov at Dirty Boxing Championship 3 on August 29, 2025. He lost via unanimous decision. [submission grappling career] Hawes faced Luke Fernandez for the cruiserweight title at Cage Fury BJJ 14 on July 25, 2025. He lost the match by submission."
d549cefc7c54ab78,Reinier de Ridder,Reinier de Ridder,"Reinier de Ridder (born September 7, 1990), also known by his initials RdR, is a Dutch professional mixed martial artist. He currently competes in the Light Heavyweight division of the Ultimate Fighting Championship (UFC). He previously competed in ONE Championship, where he is a former ONE Middleweight World Champion and ONE Light Heavyweight World Champion. De Ridder was the third two-division champion in ONE history, having previously held the middleweight and light heavyweight belts simultaneously. As of August 22, 2026, he is #9 in the Meta UFC light heavyweight rankings.","[background] Reinier de Ridder started with Judo at the age of six and earned a black belt in his teens. After high school he began training in Brazilian Jiu-Jitsu while attending college and became a black belt. He also owns a physical therapy clinic in Breda, combining his working hours with his training hours. [grappling career] De Ridder won a silver medal at the European Jiu-Jitsu Championship in 2016.
De Ridder returned to submission grappling competition at ONE X on March 26, 2022 against André Galvão. The match went the distance and as the promotion did not use judges for their submission grappling matches at the time, it was declared a draw.
De Ridder faced Tye Ruotolo in a submission grappling superfight at ONE Fight Night 10 on May 5, 2023. He lost the match by a close decision. [early career] De Ridder had his first amateur fight in 2013, winning by first round submission, before making his professional MMA debut later that year, winning with a first round triangle choke. Reinier went on a seven fight winning streak with all the fights ending with stoppages. After this winning streak, Reinier got the opportunity to fight for his the Middleweight belt in HIT FC, which he won by first round rear-naked choke. After winning his next bout in under two minutes, Reinier got offers from the UFC and ONE FC, deciding to go with the latter due to better terms."
0cd0456d6029cec2,Robert Valentin,,,
260e9e0d4954aea6,Rodolfo Vieira,Rodolfo Vieira,"Rodolfo Vieira (born September 25, 1989) is a Brazilian submission grappler, mixed martial artist and Brazilian Jiu Jitsu (BJJ) practitioner.
A four-time Brazilian Jiu Jitsu World Champion, seven-time Abu Dhabi World Pro champion, two-time Pan American and European Champion as well as ADCC Submission Grappling World Champion, Vieira is regarded as one of the best heavyweight BJJ competitors of his generation. His sister is 4 x BJJ World champion Ana Carolina Vieira.
Having transitioned to MMA in 2015, Vieira joined the Ultimate Fighting Championship in 2019 where he competes in the middleweight division.","[background] Born in Rio de Janeiro, Vieira started training under Arlans Maia when he was 13. A few years later as a purple belt he joined Gama Filho team (now Grappling Fight Team) under Julio Cesar Pereira. [early career] Vieira won the 2009 Abu Dhabi World Cup Brazilian north trials as a brown belt (in a mixed brown and black belt division). He won his division at the Abu Dhabi World Cup with a victory over two-time world champion Braulio Estima, whilst still a brown belt, this earned him the nickname ""black belt hunter"". After being promoted to black belt, injury sidelined him throughout most of 2010. He returned in 2011 winning his division and the absolute at the Pan American Championships also winning double gold at the Abu Dhabi World Cup and the IBJJF World Championships, facing Bernardo Faria in five out of the six finals. Vieira competed at the 2011 ADCC Submission Wrestling World Championship where he defeated Joseph Lee Blaize and Antonio Peinado but lost to Dean Lister, in the semi-finals (by heel hook). [early career] Vieira made his professional debut, as a light heavyweight, against Daniyar Zarylbekov at Arzalet Fighting Globe Championship 1 on February 10, 2017. He won the fight by a first-round rear-naked choke submission.
Vieira was scheduled to face Fagner Rakchal at Shooto Brazil 74 on August 27, 2017. He won the fight by a third-round submission."
9d83f6da776ff7d6,Roman Kopylov,Roman Kopylov,Roman Yuryevich Kopylov (Russian: Роман Юрьевич Копылов; born 4 May 1991) is a Russian mixed martial artist who currently competes in the Middleweight division of the Ultimate Fighting Championship.,"[background] Roman Kopylov was born in Shchebzavod, a small village in the Kemerovo region of Russia, and began his journey in martial arts at the age of nine. His parents, both former athletes, nurtured his passion for hand-to-hand combat. Gradually, Kopylov started winning trophies at various levels, from city to regional and higher-level competitions starting in 2010. He served in the National Guard of the Siberian District where he continued to compete in martial arts. After graduating from a branch of Kemerovo State University in 2014, he ventured into mixed martial arts.
Kopylov is a five-time world champion in hand-to-hand combat sambo, and has also won several European and Russian championships. He has earned degrees in economics and physical education from Kemerovo State University and Novokuznetsk Institute. His MMA idol is Fedor Emelianenko. [early career] Roman Kopylov began his MMA career in Ufa in April 2016 at the WCSA tournament. His first fight was against Filipe Aiyugono from Guinea. Despite it being his debut, Kopylov managed to win by unanimous decision after fighting all the rounds. Later in 2016, Kopylov fought in the League S-70 ring and knocked out a foreign opponent. He maintained careers in both MMA and RB and demonstrated an unmatched level of skill.
By the end of 2016, Kopylov fought Islam Gugov in the DIA, before signing a contract with Fight Nights Global. He defeated Artem Shokalo and Jacob Ortiz, then returned to League S-70 for another victory. He then fought for the Fight Nights Middleweight Championship against Abusupyan Alikhanov, who had a streak of 9 victories. Kopylov increased his pace round by round, and his opponent's corner gave up after the 4th round.
By the end of 2018, Kopylov won a title fight against Yasubey Enomoto in a joint tournament between Fight Nights and GTC. Kopylov won in the fourth round after a heavy hit to the body.
Following this victory, Kopylov's manager, Alexander Skaredin, started organizing a fight with Magomed Ismailov, but the plans were postponed indefinitely when Magomed left Fight Nights to join ASA."
147e70aa6cc48cfc,Tresean Gore,,,
33efaf2d0941cfcf,Andre Fialho,André Fialho,"André Fialho Mensurado (born April 7, 1994) is a Portuguese mixed martial artist who competes in the Welterweight division. He is the former UAE Warriors champion and has also competed for the Ultimate Fighting Championship (UFC), PFL, Bellator and LFA.","[background] As a teenager, Fialho was interested in football and was also an amateur boxing champion in his native country of Portugal, after being convinced to begin boxing by his father, who was a former boxer and founded his own gym in 2019.
However, after meeting a MMA coach when on holiday in the Algarve, he decided to focus solely on MMA. In 2015 he left for the United States of America in search of his dream, to be a professional MMA fighter."
f4c49976c75c5ab2,Conor McGregor,Conor McGregor,"Conor Anthony McGregor (born 14 July 1988) is an Irish professional mixed martial artist. He is a former Ultimate Fighting Championship (UFC) Featherweight and Lightweight Champion, becoming the first fighter to hold UFC championships in two weight classes simultaneously. He is also a former simultaneous Cage Warriors Fighting Championship (CWFC) Featherweight and Lightweight Champion.
In 2008, McGregor began competing professionally in mixed martial arts (MMA), fighting in the lightweight and featherweight divisions. He won the CWFC Featherweight and Lightweight Championships in 2012 before signing with the UFC in 2013.  After five consecutive wins, he won the Interim Featherweight Championship by defeating Chad Mendes at UFC 189. He became the undisputed Featherweight Champion at UFC 194","[early life] Conor Anthony McGregor was born in Dublin, Ireland, to parents Tony and Margaret McGregor. Tony is from Liverpool, and was born to an English mother and Irish father. He was raised in Crumlin and attended Irish-language schools — the Gaelscoil Scoil Mológa, in Harold's Cross, at primary level, and Gaelcholáiste Coláiste de hÍde in Tallaght at secondary level, where he also developed his passion for sport, playing football.
In his youth, he played football for Lourdes Celtic Football Club. At the age of 12, he also began boxing at Crumlin Boxing Club, as a way to defend himself against bullies and raise his confidence.
When McGregor was 13, the family moved to Lucan, Dublin, where he attended Gaelcholáiste Coláiste Cois Life. At the urging of his parents, he commenced a plumbing apprenticeship for a year, but found the job difficult and uninteresting. While in Lucan, he met future UFC fighter Tom Egan and they soon started training mixed martial arts (MMA) together. Among his inspirations growing up were Naseem Hamed, Muhammad Ali and Bruce Lee. [early career (2008–2013)] On 9 March 2008, McGregor had his first professional MMA bout, as a lightweight, defeating Gary Morris with a second-round TKO. After McGregor won his second fight against Mo Taylor, he made his featherweight debut in a loss via kneebar against submission specialist Artemij Sitenkov. After a victory at featherweight in his next bout against Stephen Bailey, McGregor contemplated a different career path before his mother contacted his coach John Kavanagh and reinvigorated him to continue pursuing mixed martial arts.
McGregor then won his next fight, also at featherweight, against Connor Dillon, before moving back to lightweight for a fight against Joseph Duffy, in which he received his second professional loss after submitting to an arm-triangle choke. Following this, during 2011 and 2012, McGregor went on an eight-fight winning streak, during which he won both the CWFC Featherweight and Lightweight championships, making him the first European professional mixed martial artist to hold titles in two divisions simultaneously.
In February 2013, UFC president Dana White made a trip to Dublin, Ireland to receive a Gold Medal of Honorary Patronage from Trinity College's student Philosophical Society and was inundated with requests to sign McGregor to the UFC. After a meeting with McGregor and talking with UFC CEO Lorenzo Fertitta, White offered him a contract days later. [personal lif"
523fa774700d7d3f,Court McGee,Court McGee,"Court McGee (born December 12, 1984) is an American professional mixed martial artist who currently competes in the Welterweight division of the Ultimate Fighting Championship. A professional competitor since 2007, McGee mostly fought in local promotions in Utah before winning Spike TV's eleventh season of The Ultimate Fighter. As a recovering heroin addict, McGee actively gives talks on anti-drug campaigns to teenagers and launched the online ""Hope 361"" project to help addicts to the path of recovery.","[background] Court McGee participated in high school wrestling at Layton High School placing 6th in the 5A State Division in 2002 and 3rd in the 5A State Division in 2003, under Mike Hansen. McGee also holds a background in karate, in which he has amassed over 100 kumite. After graduating from the high school, he attended Weber State University for a spell before dropping out due to lack of interest. In the early 2000s, McGee started taking painkillers in an attempt to find relief from an injury and began hanging out with the wrong crowd, a situation that would lead McGee to become addicted to heroin and cocaine. Following an overdose in which McGee was declared clinically deceased for eight minutes, he was resuscitated and as a result of the damage caused from temporary death to the brain, he had to learn how to walk and talk again. After rehab and getting himself cleaned up from substance abuse, McGee returned to Layton High School to become an assistant wrestling coach.  He later picked up Brazilian jiu-jitsu and boxing, and eventually transitioned into competing in MMA professionally. [boxing career] In addition to his Mixed Martial Arts career, McGee has also compiled a 2–0 record as a professional boxer in the cruiserweight division. Both fights took place in 2008, in between his MMA career.
His first fight was against Francisco Antonio Alacantara in May 2008. McGee defeated him via unanimous decision (40–35, 40–36, 39–36) in a four-round fight, having defeated Hank Weiss in an MMA fight just days earlier.
This was followed up by another unanimous decision victory (40–36, 40–36, 39–37) over Freddie Martinez. McGee revealed in June 2010 that this fight took place during his bachelor weekend. [early career] McGee started his MMA career in 2007 in his home state of Utah, compiling a record of 10–1, with two technical knockouts and five submission wins. Two notable fights occurred during this period, with a submission win over DaMarques Johnson and a loss to Jeremy Horn.
In September 2008, McGee faced Isidro Gonzalez at the ""Throwdown Showdown"" event in Orem, Utah. McGee won the match after a unanimous decision. McGee was scheduled to compete in December 2008 against Ray Lazama for the Gladiator Challenge Middleweight title. However, the bout never transpired for unknown reasons. McGee instead faced Dayle Jarvis in July 2009. In what would turn out to be his final appearance on the local MMA circuit, McGee won by a Technical Knockout (TKO) over his oppon"
8a1f3b5c526cd6e6,Daniel Rodriguez,Daniel Rodriguez (fighter),"Daniel Rodriguez (born December 31, 1986) is an American mixed martial artist who currently competes in the Welterweight division of the Ultimate Fighting Championship. A professional since 2015, Rodriguez has also competed in Bellator, King of the Cage, and Combate Americas. As of August 8, 2026, he is #15 in the Meta UFC welterweight rankings.","[background] According to Rodriguez, he grew up in Los Angeles jail system while continuously getting into fights in both. Rodriguez estimates to have taken part in nearly 200 street fights, in which he claims to be undefeated. Without any sports background, Rodriguez began training boxing and eventually mixed martial arts in his mid-twenties. [early career] Rodriguez compiled a 7–0 amateur record as a Welterweight from late 2013 to 2015. Rodriguez later began his professional career in 2015, competing mainly in Combate Americas, with a one off fight at Bellator 170. Eventually racking up an 8–1 record, he competed on Dana White's Contender Series 22, however he did not earn a UFC contract through his unanimous decision win against Rico Farrington. According to Rodriguez, he was arrested and held in jail on a DUI charge shortly before his Contender Series fight and cites the moment as a turning point in his behavior, where he chose to prioritize his career over reckless behavior. Afterwards, he won the Smash Global Welterweight Championship, before he was given a UFC contract. [personal life] In 2025, Rodriguez was arrested for possession of marijuana while trying to cross the Mexican-American border. He ended up serving eight months in a Mexican jail, and was released in April 2026. According to Rodriguez, he initially shared a bedbug-infested room with 20 other inmates until he was able to bribe his way into a nicer room. His new cellmate was a cartel head, who enjoyed special amenities in prison and used Rodriguez as his personal protection. Upon release, Rodriguez discussed his incarceration as ""the most horrible situation you can think of,"" especially complaining about the food and inefficiency of the Mexican judicial system. Rodriguez claimed he was arrested for possession of less than an ounce of marijuana, and speculated that Mexican authorities treated him harshly in order to make an example out of him in light of recent Mexican-American tensions. Rodriguez credits Mexican MMA fighters Yair Rodriguez and Brian Ortega for supporting him during his incarceration."
a6cba6bb66c1a8c9,Danny Roberts,Danny Roberts (fighter),"Danny Roberts  (born 14 July 1987)  is an English mixed martial artist who competed in the Welterweight division of the Ultimate Fighting Championship. A professional since 2010, he has also competed for Cage Warriors.","[background] Born in Croydon, London, Roberts grew up on a deprived estate with his mum and ten siblings before moving to Hartcliffe, Bristol at age 9. Unfortunately, things were only marginally better and Roberts who grew up without his father around and began to find himself drifting down the wrong path with the wrong people. After being expelled from seven different schools in London and Bristol, Roberts moved to Birkenhead following his dreams where Roberts began boxing at age 16. He compiled a 3–1 pro record, before making his debut in mixed martial arts in 2010. [early career] After going 1–1 as an amateur, he made his professional debut in December 2010. He competed for several regional promotions across Great Britain, including a stint in Cage Warriors.  He was able to compile a record of 11 - 1 before signing with the UFC on the heels of a first round finish of Jim Wallhead in September 2015."
01641ba5df0c69b0,Gabriel Bonfim,Gabriel Bonfim,"Gabriel de Souza Bonfim (born August 20, 1997) is a Brazilian mixed martial artist and former boxer. He currently competes in the welterweight division of the Ultimate Fighting Championship. He previously competed in Legacy Fighting Alliance, where he is a former LFA Welterweight Champion. As of August 11, 2026, he is #5 in the Meta UFC welterweight rankings.","[background] Bonfim was born in Brasília, Brazil, into a family of eleven children. His older brother, Ismael Bonfim, is also a professional mixed martial artist who competes in the lightweight division of the UFC. During his childhood, his father struggled with alcoholism and abandoned the family, prompting his older brother and sister to seek employment to financially support the household. [early career] During 2014–2019, Bonfim completing in Brazil regional promotion and turned pro in boxing. He amassed a record of 10–0 in MMA and 5–0 (1 KO) in boxing, before his fighting at Legacy Fighting Alliance."
23024fdfc966410a,Gilbert Burns,Gilbert Burns,"Gilbert Alexander Pontes Burns (born 20 July 1986) is a Brazilian and American former professional mixed martial artist and submission grappler. He competed in the Welterweight division of the Ultimate Fighting Championship (UFC) where he was a challenger for the UFC Welterweight championship in February 2021.
Burns is an IBJJF World Jiu-Jitsu Champion (gi and no-gi), CBJJ Brazilian Champion, UAEJJF World Pro Champion, European Open medallist, and ADCC Submission Fighting World Championship medallist.
He is the older brother of former UFC fighter Herbert Burns.","[background] Burns was born in Niterói, as one of three brothers. During their childhood, he and his younger brother, former UFC fighter Herbert Burns, suffered from severe attacks of asthmatic bronchitis. Upon medical recommendation to help manage the condition, they began practicing sports at the age of four, getting their first martial arts experience through karate sessions in their backyard.
Their definitive transition to Brazilian jiu-jitsu happened in 1998, after the brothers found a gi in the trunk of a car belonging to one of their father's clients. Their father worked as an upholsterer, and the car's owner, a coach named Luiz Carlos, offered the three boys three months of free BJJ lessons in exchange for repairing his car seats. Due to the family's severe financial struggles at the time, the eldest brother, Frederick, gave up his competitive career in 2003 to work and help support the household. He would later become a combat diver for the Brazilian Navy's Special Operations.
Burns began his formal training at the Associação Oriente Academy in Niterói. His famous nickname, ""Durinho"", originated when the brothers started training at the Nova União headquarters in Rio de Janeiro. Frederick was known as ""Todo Duro"" (roughly translated as ""All Stiff"")—a moniker given to him by veteran Vitor ""Shaolin"" Ribeiro due to his stiff movement style. Because Gilbert was the younger brother but still displayed remarkable toughness during sparring, ""Shaolin"" dubbed him ""Durinho"" (the diminutive form, meaning ""Little Tough Guy"").
At the age of 18, Burns secured his first sponsorship, which allowed him to cover his training expenses and financially assist his family. Initially, he enrolled in college to study Physical education, but dropped out in 2007 to focus entirely on his competitive jiu-jitsu career. He subsequently relocated to Rio Claro in the state's countryside. During this period, he struggled to make rent and dealt with recurring bronchitis attacks, but was ultimately persuaded by his older brother to not abandon the sport. [grappling career] He trained with Nova União until the 2007 World Championship, where he came in second place.
In 2009, Burns became recognized when he won the silver medal at the World Jiu-Jitsu Championship.
In 2010, Burns attained a high level of international success competing worldwide.  He reached the semifinals of the European Open in January; he defeated heavy favorite Celso Venicius at the World Pro Cup trials; he won the "
442c9011034ae1fd,Ian Machado Garry,Ian Machado Garry,"Ian David Machado Garry (né Garry; born 17 November 1997) is an Irish professional mixed martial artist who currently competes in the Welterweight division of the Ultimate Fighting Championship (UFC). Prior to signing with the UFC, Garry was a Cage Warriors Welterweight Champion. As of 20 June 2026, he is #2 in the UFC welterweight rankings.","[background] Hailing from Portmarnock, County Dublin in Ireland, Garry started training boxing at 10 years old. When Conor McGregor drew attention to MMA in Ireland, Garry was inspired to try judo to expand his martial art skillset. He became a black belt in judo at the age of 18. After attending Dublin Institute of Technology for a couple of months, he dropped out to focus on martial arts. He had his first amateur bout shortly after he turned 19, and debuted professionally at the age of 21. [early career] Garry made his amateur mixed martial arts debut in November 2017 and finished his amateur career in November 2018, with a 6–1 record with six finishes and a decision loss.
He made his professional debut in February 2019 at Cage Warriors 101, where he won against James Sheehan via unanimous decision and earned the Fight of the Night award as well as a contract with the promotion. Garry accumulated four more consecutive wins, before facing two-fight UFC veteran Rostem Akman at Cage Warriors 121. He won the bout in under 8 minutes, setting up a matchup at Cage Warriors 125 against Jack Grant for the Cage Warriors Welterweight Championship. He won the bout and the title via unanimous decision. [personal life] Garry married English television presenter Layla Anna-Lee in Las Vegas on 26 February 2022. In April 2022, it was announced she was pregnant with the couple's first child. Their son was born in October 2022. Garry later adopted the surname ""Machado Garry"", with Machado being Layla's maiden name. Layla had a son from a previous relationship and Garry stated that ""I wanted my son and my stepson to really feel connected. I didn't want them going through life with two separate surnames.""
Garry has spent time in Brazil and can speak Portuguese."
a845f0735bc67405,Jake Matthews,Jake Matthews (fighter),Jake Matthews (born 19 August 1994) is an Australian mixed martial artist currently competing in the Ultimate Fighting Championship's Welterweight division.,"[background] Born and raised in Melbourne, Australia, Matthews played Australian football for nine years in his youth, representing the Northern Knights for a season. To keep fit in the offseason, he began training in mixed martial arts out of a shed in the backyard of his parents' house, sparring with his younger brother and being coached by his father. [early career] Matthews made his professional mixed martial arts debut at the age of 18 in September 2012 competing for regional promotions in the Greater Melbourne area where he compiled a record of 7–0 prior to joining the UFC. [personal life] Matthews has a daughter who was born on 5 January 2019. In 2023 it was revealed that Matthews had converted to Islam. He told Code Sports: ""I was pretty well aligned with the ethics and morals of Islam for many years, it was a natural progression."" ""I told my mates this is what I wanted to do, and they didn't realise I was one hundred percent serious, but they didn't know I was on a journey of learning about it for over a year and a half,"" Matthews added. In the same interview Matthews mentioned he was ""in talks with some of Khabib Nurmagomedov's crew about potentially training with him."""
d66a46de8d705353,Jeremiah Wells,Jeremiah Wells,"Jeremiah C. Wells (born October 30, 1986) is an American professional mixed martial artist who competes in the Welterweight division of the Ultimate Fighting Championship.","[background] Wells was born in 1986 in West Hazelton, Pennsylvania, a city of about 25,000, nearby Philadelphia. Growing up a variety of sports, ranging from football, basketball and soccer, he eventually settled into breeding dogs to sell and working at a factory to support his child. He started training MMA at the age of 24 and fell in love with it, pursuing it as a career. [early career] Wells competed as an amateur middleweight from 2011 to 2012, amassing a 2–1 record.
Making his professional MMA debut at PA Cage Fight 14, he scored a first-round TKO against Quinton Stephens, before submitting his next two opponents, Bradley Desir and Scott Hudson, via second round rear-naked chokes. He would then compete for the Cage Fury FC Welterweight Championship against Emmanuel Wallo at CFFC 56, which he would lose by unanimous decision. After drawing with Bassil Hafez at CFFC 69, Wells would rebound, chocking out Gary Balletto Jr in the first round at CES MMA 49. Wells would then defeat The Ultimate Fighter season 16 alumni Jon Manley via unanimous decision at CES MMA 50, before winning by unanimous decision against Jason Norwood in the main event of CES MMA 52 for the CES MMA Welterweight Championship. Losing the championship in the next bout at CES MMA 52 against future Bellator fighter Vinicius de Jesus via unanimous decision, Wells knocked out Mumia Abu Dey-Ali in the first round att CFFC 76. In his final bout before the UFC, Wells submitted Marco Smallman in the second round at CFFC 78."
b9437600497350f3,Joaquin Buckley,Joaquin Buckley,"Joaquin Yuconri Buckley ( whah-KEEN; born April 27, 1994) is an American professional mixed martial artist. He currently competes in the welterweight division of the Ultimate Fighting Championship (UFC). A professional since 2014, he has also formerly competed for Bellator MMA and Legacy Fighting Alliance. As of June 20, 2026, he is #9 in the Meta UFC welterweight rankings.","[background] Buckley was born and raised in St. Louis, Missouri. Buckley and his mother lived in his grandmother's house for the most part of his youth. Buckley's mother died due to a heart condition when he was in the sixth grade. He started wrestling at Marquette High School, growing interested in mixed martial arts, and eventually started training in it after graduating. [early career] Starting his professional career in 2014, Buckley compiled a 10–2 record fighting for Shamrock FC, Bellator MMA, and Legacy Fighting Alliance. During that time, he most notably faced Logan Storley on April 13, 2018, at Bellator 197. He lost the fight by unanimous decision. After two straight TKO wins in LFA, Buckley was signed to the UFC. [freestyle wrestling career] Buckley made his debut for Real American Freestyle at RAF 03 on November 29, 2025, losing to Pat Downey.
He is scheduled to face Tyron Woodley at RAF 12 on August 22, 2026."
3a46b268013afede,Kevin Holland,Kevin Holland,"Kevin Alan Holland (born November 5, 1992) is an American professional mixed martial artist and former kickboxer. He currently competes in the Welterweight and Middleweight divisions of the Ultimate Fighting Championship (UFC). A professional since 2015, Holland has also competed for Bellator MMA, King of the Cage and Legacy Fighting Alliance. As of August 8, 2026, he is #14 in the Meta UFC welterweight rankings.","[background] Holland was born in Riverside, California, and raised mostly by his grandparents in Rancho Cucamonga and Ontario. His mother has been in and out of jail, meanwhile his father has been incarcerated throughout Holland's life. Holland attended Los Osos High School and Chaffey College. Holland started martial arts training when he was 16 years old and was a fan of Georges St-Pierre. He fell in love with the UFC after watching UFC 100, the first time he had watched the UFC, while visiting his father in Philadelphia. [early career] After compiling an amateur record of 5–0, Holland started his professional MMA career in 2015. He fought under various promotions such as Xtreme Knockout, Legacy Fighting Championship, King of the Cage, Bellator MMA, Legacy Fighting Alliance and amassed a record of 12–3 prior to his signing by the UFC. [personal life] In October 2021, Holland stopped an alleged carjacker in his neighborhood. Per reports, Holland chased the man down, and subdued him until police arrived.
In March 2022, Holland said he and his training partner stopped a shooting at a Houston, Texas restaurant. The men heard a shot while at a restaurant and saw a man with a weapon who was being wrestled by a member of the public; after removing the gun from the shooter's hand, Holland said he subdued the man by placing him in a rear naked choke.
In May 2022, Holland revealed that he had rescued a driver from an overturned tractor-trailer. Holland had watched the driver speed up and lose control while joining the freeway, sliding off the embankment and flipping over. Holland got out of his car and got the man out from the truck, which was leaking fluid that Holland feared was going to cause an explosion. [amateur titles] Premiere Combat Group
PCG Welterweight Championship
Belts of Honorious
BOH Welterweight Championship"
ee9ebceabfd16fa7,Kevin Lee,Kevin Lee,"Kevin Jeese Lee Jr. (born September 4, 1992) is an American professional mixed martial artist. He is currently signed to the Professional Fighters League (PFL), where he competes in the Lightweight division. He formerly competed in the Ultimate Fighting Championship (UFC) where he fought in the Lightweight and Welterweight divisions. He also once competed in Eagle Fighting Championship (EFC) as a Super Lightweight. In October 2017, he headlined the UFC 216 pay-per-view and competed for the interim UFC Lightweight Championship.","[background] Lee was born in Grand Rapids, Michigan, on September 4, 1992, and raised in Detroit, Michigan. Lee has a sister and two younger brothers, one of whom is Keith, also a professional mixed martial artist previously signed to Bellator who trained with Kevin previously at Xtreme Couture and is currently with Tristar.
He competed in basketball growing up and began wrestling during his junior year at Southfield High School. Lee continued his wrestling career at Grand Valley State University, where he was a national tournament qualifier and went 37–0 as a sophomore. However, with two years left of wrestling eligibility at the school, Lee dropped out to focus on a career in mixed martial arts. [professional grappling career] Lee was scheduled to face Chad Mendes at ADXC 5 on August 3, 2024. He withdrew from the match on short notice and was replaced by Diego Brandão. [personal life] Lee converted to Islam in October 2021. He has a son (born 2022). Lee endorsed Bernie Sanders in the 2020 presidential election, speaking at a rally for Sanders in Las Vegas in December 2019."
2558ae2e5671e318,Khaos Williams,Khaos Williams,"Kalinn ""Khaos"" Williams  (born March 30, 1994) is an American mixed martial artist who currently competes in the Welterweight division of the Ultimate Fighting Championship.","[background] Williams got his first taste of knockouts in 2008 when he floored another teenager in a street fight and shook hands afterward.
In July 2013, Williams became the first graduate of a cooperative online education program between the Jackson County Sheriff's Office and Jackson Public Schools. Williams earned a high school diploma through an online program while incarcerated in Jackson County Jail after being convicted of selling cocaine. He's had a spotless probation record and has performed all his required community service.
He started training in September 2013 and had his first fight three months later. His interest in MMA started because someone saw him fight and told him that he had it. So afterwards, he found a BJJ gym and fell in love after his first bout. He started training with Leo Aponte, his former Jackson High School teacher and current mixed martial arts coach. [early career] Starting his career in 2017, Williams fought for a variety of Michigan regional promotions, including King of the Cage events held there. He obtained a 9–1 record in this time, most notably winning the Total Warrior Combat Super Lightweight Championship against 36 fight veteran Tony Hervey. [personal life] Williams is the biological son of Cynthia Rodgers of Jackson and the adoptive son and biological nephew of Lillian Rodgers of Albion, Michigan.
In 2007, Williams was given his nickname Khaos. He grew up in a rough neighborhood and constantly created chaos. His early sparring partners also nicknamed him The Ox Fighter because he was strong as an ox."
4aa58269d0664b5b,Matthew Semelsberger,Matthew Semelsberger,"Matthew Semelsberger (born November 23, 1992) is an American mixed martial artist who competed in the Welterweight division of the Ultimate Fighting Championship.","[background] Semelsberger is a 2011 graduate of Urbana High School, where he competed in football, lacrosse, and wrestling. Excelling particularly in football, he led Urbana to a state championship win, and later played Division I-AA football with a scholarship at Marist College while majoring in criminal justice. Semelsberger started 15 games for the Red Foxes at strong safety in his career with a great senior season of 67 tackles, 5 pass deflections, 1 sack, and 1 forced fumble. At the age of 14, he entered an MMA program at a school close to home, Clinch Academy. Having done some years of youth wrestling, Matthew wanted to learn how to fight in case he ever found himself in a position where violence was his only option. After one of his wrestling buddies showed him his collection of the Ultimate Fighting Championship DVDs and VHS tapes, he was enamored with the sport and decided to start his goal of making the UFC. [early career] Starting his professional career in 2017, Semelsberger compiled a 6-2 record in the regional East Coast scene, competing in such promotions like CFFC, where he won a close decision against Zulkarnaiyn Kamchybekov at CFFC 74, Maverick MMA where he won a bout against Kris Gratalo at Maverick MMA 15 after Gratalo threw in the towel between rounds due to a broken arm, and Art of War Cage Fighting, where Semelsberger picked up his final win before being given a UFC contract after knocking out Richard Patishnock at AoWCF 17."
b0d6a1d8ac3d563d,Max Griffin,Max Griffin,"Max Griffin (born November 29, 1985) is an American professional mixed martial artist. Griffin competed in the Welterweight division for the Ultimate Fighting Championship (UFC). A professional since 2009, Griffin has also competed for Tachi Palace Fights, where he was the welterweight champion.","[background] Griffin was born in Santa Barbara, California, United States. He has a black belt in Bok Fu (a blend of Kenpo, Tae-Kwon-Do, and Kung Fu). [early career] Griffin started his MMA career on October 10, 2009. He fought for many promoters, notably Gladiator Challenge, West Coast Fighting Championship, the Warriors Cage, and Tachi Palace Fights in California. He was the former West Coast Fighting Championship welterweight and middleweight champion. Griffin was also the Tachi Palace Fight welterweight champion, and he amassed a record of 12–2 prior joining UFC. [personal life] Max and his fiancée Anastasia have a son."
c32aeb1a59e6272d,Michael Morales,Michael Morales (fighter),"Michael Jonathan Morales Hurtado (born June 24, 1999) is an Ecuadorian professional mixed martial artist. He currently competes in the Welterweight division of the Ultimate Fighting Championship (UFC). As of February 3, 2026, he is #3 in the Meta UFC welterweight rankings.","[background] Michael Morales was born in 1999 in Pasaje, El Oro, Ecuador. He is the son of judokas, a discipline he has been practicing since he was five years old, with his mother as his first coach. His mother, international judo referee Katty Hurtado, is a third dan judo black belt who retired from competition when she was 42. At the age of 10, he switched from judo to wrestling, where he won several youth tournaments. At the age of 14, his father took him to Víctor Vallejo's academy in Machala, where he began to practice mixed martial arts. After doing MMA as an amateur, he made his professional MMA debut at age 16. [early career] While starting a career in MMA, he juggled a job at a naval boat factory.
In 2021, he began his journey through Mexico, arriving in Tijuana to train at Entram Gym. On March 29, 2021, he signed a contract with Ultimate Warrior Challenge Mexico (UWC)."
9e50097a89442158,Mickey Gall,Mickey Gall,"Mickey Gall (born January 22, 1992) is an American professional mixed martial artist who competes in the welterweight division of the Ultimate Fighting Championship.","[early life] Gall was born in Green Brook, New Jersey. He began training in boxing at the age of 13, and transitioned to Brazilian jiu-jitsu at 16. Gall was also a wrestler and football captain at Watchung Hills Regional High School. In order to pay for his jiu-jitsu training as a full-time Rutgers student, Gall worked as a bread truck driver for Walmart.
Gall is an accomplished grappler, having won multiple North American Grappling Association and Grapplers Quest titles."
82d4c957649faf9b,Miguel Baeza,Miguel Baeza,"Miguel Baeza (born August 23, 1992) is an American mixed martial artist who competed in the Welterweight division of the Ultimate Fighting Championship (UFC).","[background] Baeza was born in Davie, Florida to a Puerto Rican family. Baeza grew up a boxing fan, and he lists Félix Trinidad as one of his all-time favorites. Baeza first dabbled in mixed martial arts in 2011 as an amateur, compiling a record of 4–0 before turning professional in 2015. Baeza holds a Brazilian Jiu-Jitsu black belt. [professional grappling career] Baeza was due to face Neil Magny at Fury Pro Grappling 9 on April 4, 2024. Magny withdrew on short notice and was replaced by Guilherme Neves. Baeza won the match by submission with an armbar."
f748267c4ab6c127,Rhys McKee,Rhys McKee,"Rhys Oliver Jason McKee (born 10 September 1995) is a Northern Irish professional mixed martial artist competing in the welterweight division of the Professional Fighters League. He has also competed globally for major organizations including the Ultimate Fighting Championship (UFC), Cage Warriors and BAMMA.","[early career] McKee achieved a record of 10–2–1 in the BAMMA and Cage Warriors promotions, earning lightweight championships in both organizations before signing with the Ultimate Fighting Championship."
8f765fd5775a8873,Rinat Fakhretdinov,Rinat Fakhretdinov,Rinat Ryashitovich Fakhretdinov (born 28 September 1991) is a Russian professional mixed martial artist. He competed in the Welterweight division of the Ultimate Fighting Championship (UFC).,"[early life] Rinat Ryashitovich Fakhretdinov was born into a Volga Tatar family on 28 September 1991, in the village of Belozerye in the Romodanovsky District of the Mordovian ASSR, an autonomous republic within the Russian SFSR, Soviet Union. He started freestyle wrestling and Kūdō at the age of 13. In 2011, he moved from Saransk, Mordovia to Moscow and jointed the ""sparta combat sambo club"". To support himself, he held multiple jobs while studying law at Mordovia State University through correspondence. [professional grappling career] Fakhretdinov competed against Douglas Lima at ADXC 2 on January 19, 2024. He won the match by unanimous decision.
Fakhretdinov competed against Craig Jones at Pit Submission Series 4 on April 20, 2024. He lost the match by submission due to a triangle choke."
f2925e6db404bf1d,Robbie Lawler,Robbie Lawler,"Robert Glenn Lawler (born March 20, 1982) is an American former professional mixed martial artist. A professional fighter from 2001 to 2023, he most notably competed in the Welterweight and Middleweight divisions of the Ultimate Fighting Championship (UFC), where he was the former UFC Welterweight Champion. He formerly competed in the Middleweight division of EliteXC, where he was the longest-reigning EliteXC Middleweight Champion. He also competed in PRIDE FC, Strikeforce, the International Fight League (IFL), KOTC, SuperBrawl, and ICON Sport, where he was their Middleweight Champion.
Nicknamed ""Ruthless"", he is known for his aggressive fighting style, and was considered a fan favorite. Three of Lawler's title bouts, against Johny Hendricks (at UFC 171, in 2014), Rory MacDonald (at UFC 18","[early life and education] Lawler was born in San Diego, California. He moved to Bettendorf, Iowa, at the age of ten to live with his father, who served in the Marines. Robbie Lawler is 1/4th Filipino as his mother is 1/2 German and 1/2 Filipino. Lawler began training in taekwondo at the age of eight, picking up karate two years later. Lawler attended Bettendorf High School where he received All-State honors in wrestling and All-Conference in football. Lawler was taken under the wing of Pat Miletich when he was 16 years old and began training with Miletich Fighting Systems as soon as he graduated in 2000. [early career] Lawler made his professional debut in 2001 and won his first four career fights all by TKO/KO. [personal life] He is married to Marcia Suzanne Lawler (née Fritz). Lawler has an older brother."
6d1bffff14897645,Santiago Ponzinibbio,Santiago Ponzinibbio,Santiago Ponzinibbio (born 26 September 1986) is an Argentine mixed martial artist currently competing in the Welterweight division of the Ultimate Fighting Championship (UFC). He also works as a UFC color commentator for the UFC Spanish broadcasts on UFC Español.,"[background] Ponzinibbio was born in La Plata, Buenos Aires, to parents of Italian descent, with paternal grandparents originating in Sicily. He began training kickboxing when he was 13 years old growing up in Argentina. Ponzinibbio became interested in MMA, but there were too few local gyms in which he could pursue it. As a result, Ponzinibbio traveled to Florianópolis, Brazil, where he lived the first five months in a tent on a beach, doing some odd jobs to try make ends meet. Meanwhile, he trained at several nearby gyms. He turned professional in 2008 competing in regional promotions in South America. [early career] Ponzinibbio racked a record of 18–1 in the Latin America regional circuit before trying out for The Ultimate Fighter: Brazil 2."
b27a1fcb56a3035a,Trevin Giles,Trevin Giles,"Trevin Dewayne Giles (born August 6, 1992) is an American former mixed martial artist who competed in the Welterweight division of the Ultimate Fighting Championship (UFC).","[background] Giles was born in San Antonio, Texas, and was a football defensive player at Alief Taylor High School in Houston, Texas. Giles started martial arts training when he was 20 years old. [early career] Giles started his professional MMA career in 2014, with a triangle choke submission of Angelus Raymond McFarlane. He would go on to amass a 4–0 record fighting in the Texas circuit.
He fought outside of Texas for the first time on March 25, 2015, when he was scheduled to fight Brendan Allen at Legacy FC 52. Giles beat the future UFC middleweight by rear-naked choke.
After a first-round TKO of Robert McCarthy at Caribbean UFF 10, Giles was scheduled to fight Robert McCarthy at RFA 41. Giles submitted McCarthy with a rear-naked choke in the second round.
At Legacy FC 59, Giles was scheduled to fight another future UFC middleweight in Ike Villanueva. He beat Villanueava by a third-round arm-triangle choke.
Giles headlined LFA 3 in a middleweight bout with Ryan Spann. He beat Spann by split decision, to keep his undefeated record. [personal life] Trevin and his wife Coreyonna have a son (born 2019). Giles was a police officer, working for the Houston Police Department. Giles announced his retirement from police work in an instagram post in February 2022."
06e4245d16fc5315,Ailin Perez,,,
1d239d571e342453,Germaine de Randamie,Germaine de Randamie,"Germaine de Randamie (born April 24, 1984) is a Dutch former mixed martial artist and former Muay Thai kickboxer. As a mixed martial artist, she most notably competed in the Women’s Bantamweight and Featherweight divisions of the Ultimate Fighting Championship (UFC) and was the inaugural UFC Women's Featherweight Champion. de Randamie formerly competed in Strikeforce. As a kickboxer, she was undefeated in 46 sanctioned bouts, and was a four-time world champion in between kickboxing and Muay Thai.","[early mma career] De Randamie made her mixed martial arts  debut on December 19, 2008, at Revolution Fight Club 2. She faced Vanessa Porto and was defeated via submission (armbar) in the first round.
On September 11, 2010, de Randamie earned her first MMA win when she defeated Nikohl Johnson via unanimous decision at Playboy Fight Night 5. [personal life] De Randamie was born in Utrecht to an Afro-Surinamese father and a Dutch mother. Drag Race Holland alumn Tabitha is her older brother.
De Randamie is a police officer in the Netherlands and worked as a psychiatric nurse prior to becoming a police officer.
De Randamie knocked out Belgian celebrity Tom Waes who was 40 lbs heavier than her in a boxing match.
She currently lives in Utrecht with her girlfriend. In September 2022, de Randamie announced she was pregnant with the couple's first child. On March 20, 2023, de Randamie gave birth to their son."
634e2fb70bde3fd5,Holly Holm,Holly Holm,"Holly Rene Holm (born October 17, 1981) is an American professional boxer and mixed martial artist. She previously competed in the women's Bantamweight division of the Ultimate Fighting Championship (UFC), where she is a former Women's Bantamweight Champion. 
In boxing, Holm has been a multiple-time world champion, defending her titles 18 times in three weight classes, and a two-time Ring magazine fighter of the year (2005, 2006). She is ranked by BoxRec as the 5th greatest female professional boxer of all time, pound for pound.
Holm's most notable win in mixed martial arts (MMA) occurred at UFC 193 on November 15, 2015, in Melbourne, when she captured the bantamweight title and gave Ronda Rousey her first loss in the sport. According to ESPN, this fight is generally considered to be one o","[early life] Holm was born in Albuquerque, New Mexico, the youngest of three children. Her father, Roger, is a Church of Christ preacher of Swedish and Native American ancestry—as a fighter, Holly would later be nicknamed ""The Preacher's Daughter""—and her mother, Tammy, is a massage therapist of Irish and French descent.
Growing up, Holm played soccer and participated in gymnastics, swimming and diving. Her parents divorced shortly before she graduated from Manzano High School in 2000; after graduation, she studied for a year at the University of New Mexico. [amateur kickboxing career] Holm's path to a career in boxing and kickboxing began with aerobics classes when she was 16 years old. Her cardio-kickboxing instructor, Mike Winkeljohn, recognized Holm's potential as a fighter and began training her.
In September 2001, Holm won the championship title in the International Rules Adult Women's Welterweight Division at the International Kickboxing Federation (IKF) USA National Amateur Championship Tournament, held in Kansas City, Missouri. She fought two bouts in the tournament. She won the first by technical knockout at 34 seconds in the first round. She won the second by unanimous decision. This was Holm's last amateur competition. Her overall amateur kickboxing record is 6–0–2. [professional boxing career] Holm has held several welterweight boxing titles, been highly regarded as one of the best female welterweights in the world, and is considered among the best of all time by some. She also has been named Ring Magazine female Fighter of the Year, twice in consecutive years in 2005 and 2006. She has drawn large audiences in her hometown of Albuquerque, having all but three of her fights there and just one of her fights outside of her home state of New Mexico.
In June 2008 she became the undisputed welterweight champion and holder of belts from 140 to 154 by defeating former champ Mary Jo Sanders by decision. They had a rematch on October 17, 2008, at the Palace of Auburn Hills in suburban Detroit, which ended in a draw.
On December 2, 2011, Holm took on knockout artist Anne Sophie Mathis of France for the vacant IBA female and WBAN welterweight titles. Holm was badly beaten by the stronger Mathis without the referee interfering, even going into the canvas without a count. She finally lost by knockout in the 7th round, which would be dubbed the upset of the year in women's boxing. The two fought again on June 15, 2012, for Mathis's WBF female, IBA female, an"
f9ab66e67240db7b,Joselyne Edwards,Joselyne Edwards,"Joselyne Celina Edwards Loboriel (born September 29, 1995) is a Panamanian mixed martial artist who currently competes in the women's Bantamweight division of the Ultimate Fighting Championship (UFC). As of June 20, 2026, she is #1 in the Meta UFC women's bantamweight rankings.","[background] Edwards started boxing when she was 13 years old, and after four years of boxing, she started doing MMA when she was 17. She had seen the UFC on TV in her home of Panama City, but she did not know a gym that taught MMA. She then started doing jiu-jitsu and after six months debuted in MMA. [early career] Edwards compiled a 9–2 record on the regional scene, winning the UCC Women's Bantamweight Championship in her homeland of Panama and defending it twice. In 2018, she moved to her camp to the United States, where she defeated former Bellator fighter Jessica Middleton via TKO on May 18, 2018, at The Fight Series. She would then defeat highly touted prospect Brenda Gonzales at KOTC: Aggressive Lifestyle on September 1, 2018, via armbar, in the process winning the KOTC Bantamweight Championship. Afterwards, she competed against fellow future UFC fighter Sarah Alpar for the LFA Women's Bantamweight Championship at LFA 55, losing the close bout via split decision."
86d9dbe1bfcbade7,Julia Avila,Julia Avila,"Julia Avila (born May 11, 1988) is a former American mixed martial artist who competed in the Ultimate Fighting Championship (UFC). Previously she has competed in Invicta FC, HD MMA, XKO MMA, Total Warrior Combat and King of the Cage (KOTC).","[background] Of Mexican descent, Avila was born (1988-05-11)May 11, 1988 in Los Angeles, California. Julia graduated from South High School, where she was a sports standout and a member of varsity team in volleyball, soccer and track and field. She attended The University of Notre Dame, graduated 2010 from University of California, Santa Cruz, and is currently a geologist in Oklahoma City. She began training martial arts in 2011 after graduating from college. [personal life] Avila is married. Avila and her husband had their first child, a daughter, on October 20, 2022."
9cdd2da1a9104a0b,Macy Chiasson,Macy Chiasson,"Macy Chiasson (born July 27, 1991) is an American mixed martial artist. She was the Women's Featherweight winner of The Ultimate Fighter 28 and currently competes in the women's Bantamweight division of the Ultimate Fighting Championship (UFC). As of September 5, 2026, she is #13 in the Meta UFC women's bantamweight rankings.","[background] Chiasson started mixed martial arts at the age of 19, after being bed-ridden for three and one-half weeks recovering from a car accident to get back the fitness level she once was when she was a softball player in high school. After attending some Krav Maga classes at the martial arts gym, she was attracted to the physical aggressiveness and the tough mental side of the combat sport and started teaching Krav Maga after one year of training. Chiasson transitioned to mixed martial arts, training under Mushin MMA and Mid City MMA, as Krav Maga is not a competition combat sport. She began competing in amateur MMA fights during college, amassing a record of 5-2. Chiasson graduated college with a degree in Biology, and began seriously considering competing professionally during her senior year. [early career] Chiasson began her professional MMA career in 2017 and amassed a record of 2–0, fighting under Invicta Fighting Championships (Invicta) and Caged Warrior Championship.  In 2018 Chiasson competed for a UFC contract on The Ultimate Fighter 28 UFC TV mma competition series. [personal life] Chiasson is an open lesbian and is married to flute professor Dr. Hannah (Leffler) Chiasson.
In April 2010, Chiasson and a friend were victims of a random drive-by shooting in Houma, which left Chiasson shot in the stomach and her friend shot in the leg. While neither injury was particularly life-threatening, the incident left Chiasson bedridden as she recovered. She has credited the experience as a major reason she initially joined a self-defense gym.
In June 2019, Chiasson's Dallas home was severely damaged when a crane fell on her apartment complex, blown over by heavy storm winds. Chiasson was forced to quickly evacuate, with only enough time to escape with her pet dog. The accident left the complex partially destroyed and killed one woman while injuring multiple others. Shortly after, Chiasson sued the relevant crane company and apartment owner for gross negligence."
b96619b3acd7d9da,Miesha Tate,Miesha Tate,"Miesha Theresa Tate ( MEE-shə; born August 18, 1986) is an American professional mixed martial artist. She currently competes in the women's Bantamweight division of the Ultimate Fighting Championship (UFC), in which she is a former UFC Women's Bantamweight Champion. Tate formerly competed for Strikeforce, in which she is a former Strikeforce Women's Bantamweight Champion. She was also the vice president of ONE Championship.","[early life] Tate was born in Tacoma, Washington, to Michelle Tate, and was raised by Michelle and husband Robert Schmidt. A tomboy during her youth, she often socialized with the boys in her neighborhood on playgrounds. While attending Franklin Pierce High School, Tate sought a sport to participate in, and eventually chose amateur wrestling over basketball. She wrestled on the boys' team from her freshman year until graduation. ""I got my butt kicked pretty hard for the first few weeks. I had no idea what I was doing, like a fish out of water,"" Tate recalled in 2011. During her senior year in 2005, she competed in the girls' state championship and won the title.
While Tate was attending Central Washington University, a friend of hers encouraged her to attend the mixed martial arts (MMA) club with her. ""I went there, and it really was a bunch of wrestlers. I fit right in,"" Tate said. [amateur fights] Tate was initially wary of competing in MMA, explaining that she ""didn't want to get punched."" After seeing her training partners perform in actual competition, Tate was encouraged to accept her first amateur bout in March 2006, in which she was matched against Elizabeth Posener, a Muay Thai specialist. During the first round, Tate wrestled Posener to the mat, but did not strike while holding her there, which prompted Tate's trainers to remind her to. In the second round, Posener bloodied Tate with a knee from inside a clinch. While looking back on the fight in 2012, Tate noted, ""I finally realized what I was there to do, and accepted the harsh truth—this wasn't a wrestling match...it was a fight"". Tate escaped a submission attempt and responded by ""whaling down punches"" while Posener was on her back for the remainder of the round. Despite her eagerness to continue, Tate's corner ended the bout after the second round due to the injury she had sustained. Tate later commented, ""When I get hurt or damaged, I fight that much harder."" She amassed a 5–1 amateur record in MMA before turning pro. [personal life] Tate is a fan of the Seattle Seahawks. Tate attended Central Washington University, where she met her ex-boyfriend Bryan Caraway. In 2014, Tate was credited by Caraway with saving the life of his mother, Chris Caraway, when she suffered an asthma attack while scuba diving, stopped breathing and became completely unresponsive.
On September 5, 2016, she helped carry a six-year-old girl with a broken arm while hiking in Nevada.
On January 1, 2018, Tate announced t"
fc169c387b4b465d,Raquel Pennington,Raquel Pennington,"Raquel Len Pennington (born September 5, 1988) is an American professional mixed martial artist who competes in the women's Bantamweight division of the Ultimate Fighting Championship (UFC), where she is a former UFC Women's Bantamweight Champion. As of September 5, 2026, she is #15 in the Meta UFC women's bantamweight rankings, and as of June 23, 2026, she is #13 in the UFC women's pound-for-pound rankings.","[early life] Pennington grew up playing many sports from basketball, softball, volleyball, running cross country and always wanted to box. She graduated from Harrison High School in 2007 as secretary of the National Honors Society, with many athletic and academic scholarships. She never played sports on a collegiate level due to a broken back. [early career] Pennington started training in martial arts at the age of 19, though initially her parents would not let her fight. She fought in amateur MMA from 2009 to 2011, amassing a record of 7 wins and 1 loss with five of those wins by submission. Her professional debut was in March 2012, a TKO victory against Kim Couture. [personal life] Pennington is openly lesbian. She is married to UFC Strawweight Tecia Torres. The couple announced the birth of their baby daughter in June 2023. She is half Mexican and half Caucasian."
5e6294b37bbef029,Stephanie Egger,Stephanie Egger,"Stephanie Egger (born August 12, 1988) is a Swiss female mixed martial artist who competed in the Bantamweight division of the Ultimate Fighting Championship.","[background] Egger grew up in St. Gallen, Switzerland, with three siblings, one of whom is Swiss politician Mike Egger.
Egger started training judo at the age of five, ultimately becoming a black belt in the discipline. She won the 2010 European U23 Championships and was the Swiss Judo champion in the +63 kg category in 2011, 2012, and 2013. She then retired from judo competition due to nagging injuries, and found mixed martial arts by way of grappling and boxing training. Egger also won the ADCC European Trial in 2019 at 60 kg. The longtime black belt competed in the 2019 ADCC World Championships where she went to a decision with Gabi Garcia.
In addition to the many hours of training every day, Stephanie Egger works in the family restaurant in Berneck. [early career] After winning her first two bouts against Judith Ruis and Mara Romero Borella via first round stoppage, her next fight was on November 18, 2016, at Invicta FC 20: Evinger vs. Kunitskaya against Alexa Conners and she lost the fight via a split decision.
Egger faced Eeva Siiskonen at Buddy MMA Clash 2 on March 31, 2018. She won the bout via TKO in the first round.
Egger faced Reina Miura, in a 138 lbs catchweight bout, at Rizin 17 on July 28, 2019. Egger won the fight by unanimous decision."
6551c64fbcd1a467,Ariane da Silva,Ariane Lipski da Silva,"Ariane Lipski da Silva (born 26 January 1994) is a Brazilian former mixed martial artist who competed in the women's Flyweight division. She has fought in the Ultimate Fighting Championship (UFC), Professional Fighters League (PFL) and Konfrontacja Sztuk Walki, where she is a former KSW Women's Flyweight Champion.","[background] Lipski da Silva was born in Curitiba, Brazil, with Polish heritage. Her grandfather migrated to Brazil before the Second World War for security reasons. Lipski started training Muay Thai at a young age and became the Brazilian Muay Thai champion prior to her transition to MMA. [early career] Lipski da Silva fought most of her early MMA career primarily in Brazil and Poland, notably under the Konfrontacja Sztuk Walki promotion. After winning her debut in KSW, she faced Sheila Gaff at KSW 36, where she won via knockout in the first round. She then faced Diana Belbiţă for the KSW Women's Flyweight Championship at KSW 39: Colosseum, winning the bout via armbar at the end of the first round. She defended the title against Mariana Morais on 22 October 2017, at KSW 40. She won via rear-naked choke less than a minute into the first round. In her last performance for KSW, Lipski faced Silvana Gómez Juárez on 3 March 2018, at KSW 42. She won the bout and defended the title via unanimous decision.
She was later signed by the UFC."
5c637af9472ae7cc,Jamey-Lyn Horth,,,
a78a87d8c2bbb1cb,Julija Stoliarenko,Julija Stoliarenko,"Julija Stoliarenko (born 8 April 1993) is a Lithuanian mixed martial artist, submission grappler, Brazilian jiu-jitsu (BJJ) black belt athlete and former Lethwei fighter. A two-time European Open champion and two-time IBJJF World medallist in the lower BJJ belt divisions; Stoliarenko is an ADCC Submission Fighting European medallist and competed in MMA in the Bantamweight division of the Ultimate Fighting Championship. Stoliarenko is the former Invicta FC Bantamweight Champion and ILFJ Women's Featherweight Lethwei World Champion.","[background] Stoliarenko's father introduced her to karate when she was 12, eventually progressing towards Brazilian jiu-jitsu and mixed martial arts. [lethwei career] On June 16, 2017, Stoliarenko made her Lethwei debut at Lethwei in Japan 4: Frontier in Tokyo, Japan and knocked out Burmese Lethwei fighter Su Hlaing Oo.
On November 15, 2017, Stoliarenko faced top female Lethwei fighter in Vero Nika in Lethwei Grand Prix Japan 2017 in Tokyo and ultimately won the Japan Lethwei World Title by TKO.
On October 2, 2019, Stoliarenko made her first ILFJ title defence at Lethwei in Japan 14 and defeated Japanese fighter Yugia by TKO in the first round. [brazilian jiu-jitsu & submission grappling career] Competing as a blue belt at the 2015 European IBJJF Jiu-Jitsu Championship, Stoliarenko won bronze in the middleweight division and silver in open class. As a purple belt, she won bronze at the 2016 European IBJJF Jiu-Jitsu Championship.
Competing at the Abu Dhabi Grand Slam World Tour 2017–2018 – Tokyo in the −70 kg Purple division, she won silver after defeating Miyu Omani via submission. In 2018 Stoliarenko won the European IBJJF Jiu-Jitsu Championship in the medium heavy purple belt division. Promoted to brown belt, she won bronze at the 2018 World IBJJF Jiu-Jitsu Championship. In 2019 she won a silver medal at the ADCC Submission Fighting European Championship, the same year she won silver at the World Championship in medium heavy and bronze in open class.
She was promoted to BJJ black belt on 13 November 2021. In 2022 Stoliarenko took part in the 2nd ADCC European Trial organised in Luboń, Poland in the +60 kg category, she was defeated by Norwegian Ane Svendsen by points 6x0 in the quarter-finals. In 2022 she failed to win any medals at the Abu Dhabi Grand Slam World Tour 2022 in London after finishing fourth of the −70 kg division.
In 2023 she won the Masters 1 European IBJJF Open Championship in the middleweight division, also winning silver in the openweight."
9d62c2d8ee151f08,Karine Silva,Karine Silva,"Karine Silva de Almeida (born December 2, 1993) is a Brazilian professional mixed martial artist who competes in the women's Flyweight division of the Ultimate Fighting Championship (UFC). As of June 20, 2026, she is #13 in the Meta UFC women's flyweight rankings.","[background] With minimal financial resources, Silva took the daring step of leaving her job to move into a martial arts academy. Despite lacking support from her family, both morally and financially, she persevered. Working odd jobs, from security guard to masseuse and receptionist, she hustled to sustain herself while immersing herself in martial arts training.
Silva's venture into the world of combat sports began with ""Chinese boxing"", eventually transitioning to mixed martial arts. At 19, she made her professional debut, although she hadn't initially planned on pursuing a career in the sport. Driven by her newfound passion, she abandoned school, family, and job to fully commit to her training. Her journey took a significant turn when she joined a team that offered comprehensive training in various disciplines like luta livre, wrestling, MMA, and muay Thai. [early career] Silva's early career had primarily unfolded in Brazil, except for an ill-fated venture to Russia. During her early years, she dominated under the Aspera Fighting Championship banner, capturing six wins and headlining AFC 20 with a first-round armbar victory over Leticia Oliveira Ribeiro. Her only loss came against fellow future UFC fighter Maryna Moroz at XFC International 7 on November 1, 2014, being submitted via armbar in the first round. She would go on to win her next 4 bouts via stoppage, however, her international debut ended in defeat, as Marina Mokhnatkina submitted her with a kneebar at Fight Nights Global 81: Matmuratov vs. Ignatiev in December 2017.
She would go on to lose her next bout via unanimous decision to Dione Barbosa after a two year layoff, Silve started building momentum by dropping down back to flyweight and knocking out Vitoria Ferreira in August 2019. Silva embarked on a five-fight winning streak that positioned her for her shot at making the UFC.
Her chance came against Qihui Yan on Dana White's Contender Series 45, where she displayed her defensive prowess in the first round by thwarting Yan's attempts and even landing shots from the bottom. In the second round, Silva turned the tide with offensive aggression. She capitalized on an opportunity, executing a flawless guillotine choke that compelled Yan to tap, sealing her victory at 1:44 into Round 2."
b4192a975027aab6,Maryna Moroz,Maryna Moroz,"Maryna Moroz (Ukrainian: Марина Мороз; born September 8, 1991) is a Ukrainian professional mixed martial artist. She competed in the women's Flyweight division of the Ultimate Fighting Championship (UFC). Moroz is also a boxing coach for the Ukrainian Olympic women's boxing team.","[early career] Moroz started practicing boxing at a young age. She began training in mixed martial arts in 2013 as there was a lack of opportunity in professional women's boxing in Ukraine. She made her professional debut in 2013 and amassed a record of 5–0, before joining Xtreme Fighting Championships."
6a740daf1b279661,Maycee Barber,Maycee Barber,"Maycee Kaye Barber (born May 18, 1998) is an American mixed martial artist. She currently competes in the women's Flyweight division of the Ultimate Fighting Championship (UFC). As of June 20, 2026, she is #9 in the Meta UFC women's flyweight rankings and as of April 28, 2026, she is #15 in the UFC women's pound-for-pound rankings.","[background] Barber was born in Greeley, Colorado. She began pursuing mixed martial arts (MMA) at an early age and set her eyes on becoming a professional fighter. In an interview with Yahoo Sports' Kevin Iole, Barber's father, Bucky Barber, said: ""At that point, it was, 'OK, the better we make her as a fighter, the less damage she's going to take.' So we started to travel, and we took her literally all over the United States.""
Barber has a sister, Emma, and a younger brother, Wyatt.  Wyatt is also a mixed martial artist signed to Bellator. [personal life] In mid-2024 shortly after UFC 299, Barber had a near-death experience involving a combination of pneumonia, strep throat, and a staph infection which led her to be hospitalized for nine days."
a4a80dd7336ffd59,Melissa Gatto,Melissa Gatto,"Melissa Gatto (born May 2, 1996) is a Brazilian professional mixed martial artist who currently fights in the women's flyweight division of the Ultimate Fighting Championship.","[background] Gatto was born and grew up in Toledo, Paraná, Brazil, with an older and a younger brother. Following her big brother, she started training Kung Fu at the age of eight. Gradually she picked up also other disciplines eventually drifting to mixed martial arts in order to challenge herself. She attended Western Paraná State University from where she graduated with bachelor's degree in languages. [early career] Gatto racked up a record of 6–0–2 in Brazilian regional circuit before signing a contract with the UFC. In her last bout before the UFC, she submitted fellow future UFC fighter Karol Rosa with a first round kimura at Nação Cyborg 3."
f29a6350c69f4a33,Miranda Maverick,Miranda Maverick,"Miranda Rachelle Maverick (born July 1, 1997) is an American mixed martial artist who competes in the women's Flyweight division of the Ultimate Fighting Championship (UFC). She competed in Flyweight division of the Invicta Fighting Championships. As of June 20, 2026, she is #11 in the Meta UFC women's flyweight rankings.","[background] Maverick was born in Tunas, Missouri. She grew up working on her family farm moving around many states in the Midwest and Southern United States, earning her the strength that she is known for within the martial arts community. She started grappling when she was sixteen after encouragement by her father while watching Ronda Rousey fight on the television. She also joined her high school wrestling team at Buffalo High School in Buffalo, Missouri her senior year and competed on the men's varsity team until discovering that she would not be going to college for wrestling. She then stopped to focus on wrestling, instead turning her sights on MMA soon after she graduated high school.
Despite concentrating in mixed martial arts, Maverick graduated with honors from Drury University, majoring in psychology and sociology in 2018. Maverick then relocated to Norfolk, VA to pursue a PhD in Industrial/Organizational Psychology at Old Dominion University. [early career] Maverick started her amateur career in 2015, fighting under Kansas City Fighting Alliance, ShoFight, and The Blue Corner promotions. She amassed a record of 7–1, winning the Blue Corner and Shofight flyweight championships all while 18 years old, being listed as the number one amateur woman in her region on Tapology at the time she went pro. After her final amateur win, she was soon contacted by President Shannon Knapp of Invicta Fighting Championships. [grappling career] Maverick won a silver medal in the brown belt lightweight division of the IBJJF No-Gi World Championship 2023."
80d8aed0ca9b00f3,Montana De La Rosa,Montana De La Rosa,"Montana De La Rosa (née Stewart) (born February 14, 1995) is an American mixed martial artist (MMA) who competes in the Flyweight division of the Professional Fighters League (PFL). She has also competed in the Ultimate Fighting Championship (UFC).","[background] De La Rosa was born in Helena, Montana, United States, but grew up in Azle, Texas. She started training in wrestling at Azle High School and after faring well in both state and national competition she was offered a scholarship to Oklahoma City University. However, as a teenage mom she quickly transferred back to Texas where she attends Tarrant County College, majoring in kinesiology, De La Rosa started training Brazilian jiu-jitsu after she graduated in 2013 and later transitioned to MMA. [early career] De La Rosa started her professional MMA career in 2014. She was the formal Xtreme Fighting League (XFN) flyweight champion and amassed a record of 7–4 prior participated in The Ultimate Fighter 26 UFC TV MMA competition series which she was subsequently signed by UFC after the show. [professional grappling career] De La Rosa competed against Gillian Robertson in the main event of Pit Submission Series 3 on March 23, 2024. She lost by unanimous decision. [personal life] De La Rosa is married to Mark De La Rosa, who was also a UFC fighter. Montana has a daughter from a previous relationship."
68d4a891e5cf2029,Tracy Cortez,Tracy Cortez,"Tracy R. Cortez (born December 10, 1993) is an American professional mixed martial artist who currently competes in the women's Flyweight division of the Ultimate Fighting Championship (UFC). As of July 11, 2026, she is #10 in the Meta UFC women's flyweight rankings.","[background] Cortez is of Mexican descent, she was born on December 10, 1993 in Phoenix, Arizona, United States, and grew up in a household of Mexican immigrants. She has three brothers, Jose Cortez, J.R. Cortez and Abraham Cortez.  At the age of 14, she started training MMA after she watched her first MMA match where her oldest brother Jose, who had aspired to be a UFC fighter, fought and won against former UFC veteran Drew Fickett in November 2008. Jose stopped competing after the match with Fickett when he underwent cardiovascular problems and was later diagnosed  with germ cell cancer. He died from the disease in 2011. Cortez got a tattoo in remembrance of her brother on her arm. She struggled with depression following her brother's passing but managed to get back on track with the help of her family, Henry Cejudo, and Angel Cejudo, who were best friends of her brother Jose.

Every time I feel tired or I feel fatigued or I question anything, I think like, damn, my brother fought with cancer in his heart and he didn't give up. He fought through it. I'm perfectly healthy. I'm more than capable to do what I'm doing. This is easy work. That's a huge motivator for me. [early career] Cortez fought under World Fighting Federation and KOTC in her amateur career and amassed a record of 3–0 prior to being signed by Invicta Fighting Championships. [personal life] Cortez was previously engaged to fellow UFC fighter Brian Ortega.
In January 2026, media outlets reported that she was in a relationship with the former UFC light heavyweight champion Alex Pereira following an Instagram post of the two kissing. The two would then end their relationship a week later for undisclosed reasons."
4798e823ada58fe9,Veronica Hardy,Veronica Hardy,"Veronica Hardy (née Macedo; born October 30, 1995) is a Venezuelan mixed martial artist who currently competes in the women's Flyweight division in the Ultimate Fighting Championship (UFC).","[early life] Growing up in a family with a passion for martial arts, Veronica's early life was immersed in a culture that fostered her love for the sport. Veronica began training in Taekwondo at the age of four and quickly demonstrated aptitude for the discipline, earning her black belt by the age of twelve. She also pursued training in other disciplines such as Brazilian Jiu-Jitsu, Karate, and Kickboxing. As Venezuela faced political and economic turmoil, her family decided to move to Poland in search of better living conditions. There, Veronica continued her training on various martial arts. The move ultimately led to her pursuing a career in mixed martial arts (MMA).
Over the next few years, she continued to train in various disciplines, such as Brazilian Jiu-Jitsu, Taekwondo, and Muay Thai. [early career] Before joining the UFC, Veronica Hardy had a professional MMA record of 5-0-1. She competed in various regional promotions in Europe. Her performance on the regional circuit caught the attention of the UFC, which led to her signing with the promotion in 2016. [personal life] Hardy married former UFC fighter Dan Hardy on December 25, 2022."
36541f1e6c5d4955,Viviane Araujo,Viviane Araújo (fighter),"Viviane Araújo Gomes (born November 21, 1986) is a Brazilian professional mixed martial artist who competes in the Women's Flyweight division of the Professional Fighters League (PFL). She is a former Pancrase strawweight champion and competed in the Ultimate Fighting Championship (UFC). As of April 21, 2026, she is #8 in the PFL women's flyweight rankings.","[background] Araújo started playing soccer and spent much of her time away from home to forget about problems at home after witnessing her alcoholic father beating her mother on a daily basis. She later started Brazilian jiu-jitsu and fell in love with the sport after an invitation from her jiu-jitsu coach. She later became a jiu-jitsu teacher and transitioned to mixed martial arts as she was tired of watching her father abuse her mother. Araújo uses the octagon as the platform to voice her support to reach victims of domestic violence.

""The UFC is such a gigantic and powerful platform. A word from a woman can change your life and self-esteem. We have so many people going through things like that that I felt the need to talk about it. We're suffering with domestic violence and violence against women. I lived that reality since I was a kid. I've suffered with that, and I managed to turn the table with sports. My mom is a warrior."" [early career] Araújo fought most of her early mixed martial arts career primarily in Brazil and Japan, notably under Jungle Fight and Pancrase where she was the Strawweight Queen of Pancrase prior being signed by the UFC."
87f8699fdcc2c404,Alice Ardelean,,,
3df5493bb279226f,Amanda Lemos,Amanda Lemos,"Amanda Oliveira de Lemos (born May 22, 1987) is a Brazilian mixed martial artist who competes in the women's Strawweight division of the Ultimate Fighting Championship. As of August 22, 2026, she is #15 in the Meta UFC women's strawweight rankings.","[early career] Lemos started her professional mixed martial arts career in her native Brazilian regional circuit, fighting mostly in Jungle Fight. Racking up an undefeated record of 5–0, she faced Mayra Cantuária for the Jungle Fight Women's Bantamweight Championship at Jungle Fight 85 on January 23, 2016. The fight ended in a majority draw, which prompted a rematch between the two contenders. The rematch for the title took place on June 25, 2016, at Jungle Fight 88. Lemos won the title via third-round knockout.
Lemos was scheduled to face Arlene Blencowe at Legend MMA 1 on January 28, 2017. However, Lemos withdrew from the bout and was replaced by Janay Harding."
7138a15258dabf20,Bruna Brasil,,,
3351aa64aa83c4d9,Cory McKenna,Cory McKenna,Cory McKenna (born 11 July 1999) is a Welsh professional mixed martial artist who competed as a strawweight for the Ultimate Fighting Championship. She has also competed for Cage Warriors.,"[early life and background] Born in Wales, McKenna spent the majority of her childhood in Colchester, England due to her father's role in the army. Her mother, Wendy, also competes in mixed martial arts and has a professional record of 1–2.
McKenna began training in karate aged 10, and after advancing through Muay Thai, Brazilian jiu-jitsu and boxing, started training in mixed martial arts aged 13. She became a full-time athlete two years later while occasionally coaching to help fund fights. As an amateur, McKenna went 7–0 and held championships at strawweight and featherweight. [personal life] McKenna is a keen painter and often shares her artwork on Instagram."
d7e40dca3ae125be,Diana Belbita,Diana Belbiță,"Diana Irena Belbiță (born June 26, 1996) is a Romanian former mixed martial artist, and kickboxing, judo and kempo practitioner. She competed in the women's Strawweight division of the Ultimate Fighting Championship. Belbiță is a former world and European kempo champion, as well RXF and KSW championships challenger.","[background] Belbiță entered the world of contact sports at the age of 12, when she started judo, and later went to kickboxing and karate. In 2014, she became a professional fighter and eventually managed to win the titles of European and World champion in kempo. She initially struggled with financial difficulties in her career.
In 2019, Belbiță appeared on Ferma, a show based on a group of celebrities living together twenty-four hours a day on a farm, with no privacy for three months and isolated from the outside world, which gave her a boost in popularity. [early career] Diana Belbiță, starting her professional career in 2014, compiled a 13–4 record on the European MMA scene, with three of the losses coming to UFC/Bellator MMA veterans Cristina Stanciu, Ariane Lipski via first round armbar for the inaugural KSW Women's Flyweight Championship at KSW 39: Colosseum, and Iony Razafiarison."
ac7c765882f2c68c,Elise Reed,Elise Reed,"Elise Caroline Reed (born December 5, 1992) is an American mixed martial artist who competes in the Strawweight division of the Ultimate Fighting Championship.","[background] Reed started martial arts at six years old by competing in Taekwondo, then moving on to kickboxing at the age of 15. Having her first amateur fight at the age of 20, Reed competed on the amateurs while studying at the Virginia Military Institute. While at the school, Elise partook in Swimming and Water Polo at the NCAA Division I level, becoming the first female RXO at the school. Reed is still in the Army Reserve while owning and operating two schools in New Jersey named Kickside Martial Arts [early career] Reed made her debut at atomweight against Rebecca Bryggman on October 25, 2019, at Bellator 231. She won the bout via TKO stoppage at the end of the first round."
26e3f3928b1891d9,Hannah Goldy,Hannah Goldy,"Hannah Goldy (born May 18, 1992), is an American mixed martial artist who competes in the Flyweight division. A professional since 2016, she is most notable for her time in the Ultimate Fighting Championship.","[background] Goldy grew up in Vermont snowboarding, running track, and competing in cross-country. In 2014, while living in Manhattan she went with her father to a boxing event called ""Friday Night Fights"", held in an old church. She immediately fell in love with martial arts and went to a gym the next day. Before MMA, she had a boxing match and three Muay Thai fights, winning all four. [early career] She made her professional debut against future UFC fighter Gillian Robertson at Island Fights 37 on March 11, 2016, winning the bout via unanimous decision. She would then go on to win her bout against Vanessa Marie Grimes via TKO in the second round at Island Fights 46. At Premier FC 26 she faced Lisa Blaine, defeating her via unanimous decision, followed by a bout against Shannon Goughary at Island Fights 50, which she won in similar fashion.
Goldy was invited onto Dana White's Contender Series 17 on June 18, 2019, where she faced Kali Robbins. She won the bout via unanimous decision, but wasn't offered a UFC contract. [professional grappling career] Goldy competed in a superfight at Medusa 4 on March 25, 2023, where she was submitted by Madelynne Wade in EBI overtime.
Goldy competed against Amanda Mazza at UFC Fight Pass Invitational 5 on December 10, 2023. She won the match by submission with an armbar. [personal life] Goldy has a son with fellow mixed martial artist Alex Nicholson."
abcf2cc6efc42031,Iasmin Lucindo,Iasmin Lucindo,"Iasmin Lucindo Bezerra (born January 8, 2002) is a Brazilian mixed martial artist who competes in the women's Strawweight division of the Ultimate Fighting Championship (UFC).","[early career] Lucindo made her MMA debut in 2017 when she was 15 years old, after initially training to deal with domestic violence in her family. She would go on to amass a fight record of 13–4 prior to signing with the UFC."
efc67b07eed39794,Istela Nunes,,,
6a1901c62ab3870f,Jessica Andrade,Jéssica Andrade,"Jéssica Fernanda da Costa Andrade (born September 25, 1991) is a Brazilian professional mixed martial artist. She currently competes in the women's Strawweight and Flyweight divisions of the Ultimate Fighting Championship (UFC), where she is a former UFC Women's Strawweight Champion, and a Flyweight title challenger.","[background] Andrade was born on September 25, 1991, in Umuarama, Paraná, Brazil, to farmer parents Julio and Neusa Andrade. She is of Native Brazilian descent through her great-grandmother. Andrade and her older brother Fernando worked at their parents' plantation fields throughout their childhood until the farm was municipalized, leading to the prohibition of underage labor. At the age of 14, she started working at a fish & pay pond and later delivering medicine for a drug store. Andrade grew up playing soccer and futsal, aspiring to become a professional soccer player. She succeeded well and eventually got offered to play for a São Paulo club, but her parents forbade her from moving. During school, Andrade started training judo and shortly afterward, in 2011, jiu-jitsu.
Her teammates coined the nickname bate estaca (piledriver), a term used in Brazil for body slams (also known as Daki age), after one of her first amateur BJJ competitions, when Andrade was caught in an armlock, she panicked and performed the illegal move on her opponent by lifting her and then slamming her head directly into the mat. To Andrade's surprise, she was immediately disqualified. [early career] Andrade made her professional mixed martial arts debut on September 6, 2011. For the first six professional fights, Andrade trained at Gracie Humaita in Umuarama, but after beating Duda Yankovich, she moved to Niterói in order to train at Paraná Vale Tudo. She won eight of her first ten fights in her native Brazil.
On April 14, 2013, Andrade fought outside of Brazil for the first time when she submitted Milana Dudieva at ProFC 47: Russia vs. Europe in Rostov-on-Don, Russia. [personal life] Andrade married her longtime girlfriend Fernanda (née Gomes) in 2019. The couple divorced some time in 2023.
In 2024, Andrade filed a lawsuit in the United States against former coach and manager Gilliard Paranal, who managed her from 2012 to 2024, for embezzlement."
c742287ed86a09bc,Jessica Penne,Jessica Penne,"Jessica Penne (born January 30, 1983) is an American professional mixed martial artist. Penne competed in the Women's Strawweight division for the Ultimate Fighting Championship (UFC), where she was a one-time challenger for the championship. She was the first Invicta FC Atomweight Champion. She also competed in the first women's bout in Bellator Fighting Championships.","[background] Penne was born in Newport Beach, California, on January 30, 1983, and graduated from Diamond Bar High School, participating on the softball and swimming teams. Next at Cal State Fullerton, she earned her Bachelor of Arts in communication. Penne is Italian American. Her father is the first generation of his Italian family born in the United States. Some of his family members remain in his family’s originating area of Turino, Italy."
d05cb1e8d1b885d8,Jinh Yu Frey,Jinh Yu Frey,"Jinh Yu Frey (born May 20, 1985) is an American mixed martial artist currently competing in the strawweight division. She is the former Invicta FC Atomweight Champion and has competed in the Ultimate Fighting Championship (UFC).","[background] Frey was born in Arkansas and grew up in Texas. She graduated from Palo Duro High School in three years with a distinguished achievement diploma in the top 2% of her class. She earned an associate degree in nuclear medicine from Amarillo College, followed by a Bachelor of Science in radiologic science from Midwestern State University. She obtained her Master's degree from the University of Texas at Arlington in August 2015.
Her father, who was South Korean, died when she was young. She has one older brother, two younger half-brothers and one younger half-sister. She is married to Douglas Frey."
8e5d953bdb9ae5e7,Loopy Godinez,Loopy Godinez,"María Guadalupe Godínez González (born September 6, 1993), also known as Lupita Godínez or by her nickname Loopy, is a Mexican and Canadian professional mixed martial artist. She currently competes in the women's Strawweight division of the Ultimate Fighting Championship (UFC). As of August 8, 2026, she is #11 in the Meta UFC women's strawweight rankings.","[background] When Godínez was 14, her father Carlos was approached by the cartel who demanded protection money. After he found a lot full of bullet-riddled cars and shattered windows, and answered phone calls with voices telling him his daughters' names and schools, Carlos decided to take his family and leave. Telling his family that they were leaving for Disneyland, instead they landed in Vancouver, where they had to start from scratch. They lived out of a hotel for six months, and did odd jobs such as washing cars to pay the bills. After life stabilized, Godínez was encouraged by her boyfriend to get back into judo that she had done since childhood, and then into jiu-jitsu. She is a dual citizen of Mexico and Canada.
Godínez has three younger sisters, of whom two – Karla and Ana – are accomplished wrestlers competing with the Canadian national team. [early career] Godínez began her MMA career as an amateur in 2016. Her debut match was held on June 18, 2016, and it was against Ali Cranmer. She won the match via decision. In her following bouts, she lost against Jamey-Lyn Horth Wessels on two different occasions, on November 25, 2016, and February 18, 2017, respectively.
Despite two straight losses, she bounced back and won her next two bouts against Ashlee Jarvis and Kyla Frajman. Her winning streak was stopped once again when she faced Tiffany Conama and Morgan Engelhardt, respectively.
In her next two matches, she showed what she could as she defeated Alexandra Lucia Delgado-Lopez and Sam Hughes. When she won against Sam Hughes, she also captured the COGA Strawweight Championship. After that, she decided to turn professional.
On June 30, 2018, Godínez made her professional MMA debut when she faced Jennah Macallister—she won the bout via a unanimous decision. She went on to defeat both Ashlee Mastin and Felisha Magallan in 2019.
Godínez managed to capture the vacant BTC Strawweight Championship defeating Lindsay Garbatt at BTC 8 on November 30, 2019. In the next bout at LFA 94, Godínez captured the LFA Women's Strawweight Championship, defeating Vanessa Demopoulos via majority decision."
e375cb5caf4717b6,Piera Rodriguez,,,
b08012bbe542592a,Tatiana Suarez,Tatiana Suarez,"Tatiana Yadira Suarez Padilla (born December 19, 1990) is an American professional mixed martial artist and former wrestler who currently competes in the women's Strawweight division of the Ultimate Fighting Championship (UFC). She was the strawweight tournament winner in the 23rd season of The Ultimate Fighter reality show. As of June 20, 2026, she is #3 in the Meta UFC women's strawweight rankings, and as of September 1, 2026, she is #9 in the UFC women's pound-for-pound rankings.
In wrestling, Suarez was a multi-time medalist in women's freestyle at the World Championships and World Junior Championships, a silver medalist at the World Cup, and a gold medalist at the Pan American Championships.","[background] Suarez is of Mexican descent. She started wrestling before her fourth birthday, as her older brother wrestled and she insisted that her mother let her wrestle too. She graduated from Northview High School before attending Lindenwood University.
Suarez originally competed under her stepfather's surname, Padilla. In 2007, she placed second at the Junior World Championships, and was named ASICs National High School Wrestler of the Year. In 2008, she won gold at the Pan American Championships followed by bronze at the Junior World Championships in July, another bronze at the World Championships in October, and was named National High School Wrestler of the Year again, the first wrestler to receive it twice. In 2009, Suarez placed fifth at the World Championships. In 2010, she won silver at the World Cup and bronze at the World Championships. In 2011, she was ranked number one freestyle wrestler in the US at 55 kg (121 lb).
While training for the 2012 Summer Olympics in London, Suarez suffered a neck injury, which derailed her Olympic aspirations. An MRI and CAT scan not only revealed a bothersome disc in her neck, but a cancerous growth on her thyroid. Suarez underwent radiation therapy and had her thyroid and several lymph nodes removed. After successful treatment, her thyroid cancer was gone and she eventually began to train again. Suarez started practicing Brazilian jiu-jitsu, which led her to mixed martial arts. [amateur career] Suarez began training in 2013. She had issues finding an opponent for her first fight due to her impressive wrestling background. On the advice of her coaches, she began using Suarez (her biological father's surname) instead of Padilla (her stepfather's surname that she used while wrestling). She made her amateur debut in February 2014 defeating Elizabeth Rodriguez by TKO in the first round. She fought again one month later and defeated Jessica Pryor by unanimous decision. [early professional career] Suarez made her professional MMA debut in July 2014 in the Gladiator Challenge promotion defeating Tyra Parker by unanimous decision. She returned in April 2015 and submitted Carolina Alvarez by armbar in the first round. She made her final appearance for the promotion in August 2015 defeating Arline Coban by TKO in the second round. This victory earned her the Gladiator Challenge championship in the California State Championship Series. [personal life] Suarez is engaged to Rizin FF fighter Patchy Mix. They have been in a "
2c483cf443f38ece,Vanessa Demopoulos,Vanessa Demopoulos,"Crystal Vanessa Demopoulos (Greek: Βανέσα Ντεμόπουλος; born September 22, 1988) is an American mixed martial artist who competes in the women's Strawweight division of the Ultimate Fighting Championship (UFC).","[background] Born in Cleveland, Ohio, her parents and paternal grandparents raised her in Greece, as she is Greek herself and Greek is her first language. After she got involved with drugs and became homeless as a teenager, she got her life back together by following in her mother's footsteps at the age of 18, becoming an exotic dancer, continuing in the profession until right before her appearance at UFC 270.
Demopoulos started training in MMA around the age of 21, however her childhood was filled with fighting, even getting kicked out of schools for fighting. [early career] In her MMA debut at Iron Tiger Fight Series 79, she faced Emme Weber and went on to submit her in the first round via armbar. She made her Legacy Fighting Alliance debut at LFA 52, losing via unanimous decision to Itzel Sequivel. In her second appearance with LFA at LFA 62, She defeated Valerie Soto via majority decision. At LFA 69, she submitted Nadine Mandaiu in the first round via armbar, before defeating Loveth Young at LFA 81 via unanimous decision.
Demopoulos faced Sam Hughes for the inaugural LFA Women's Strawweight Championship on July 17, 2020 at LFA 85. She won the bout after choking Hughes unconscious in the 4th round via inverted triangle choke.
On August 11, 2020, Demopoulos appeared on Dana White's Contender Series 28 against Cory McKenna. She lost the bout via unanimous decision.
In the next bout at LFA 94, Demopoulos attempted to defend the LFA Women's Strawweight Championship against Lupita Godinez, losing the close bout and the belt via majority decision.
She rebounded from the loss, defeating Cynthia Arceo in 37 seconds via TKO stoppage at LFA 103 on March 26, 2021.
Demopoulos was booked to face Kathryn Paprocki on August 27, 2021 at LFA 114, however she was called to fight on short notice in the UFC."
